n,status,bytes,hash,file_match,trades,redacted,index_redacted,visible,matched,mismatched,minted_ok,board_exact,board_consistent,board_off,global_rounds_to_mark,common_global_ok,global_fold,global_record
1,full,192,ok,True,0,0,0,0,0,0,True,0,0,0,True,True,226.14,226.14
2,full,44567,ok,True,2,0,0,2,2,0,True,25,0,0,True,True,226.28,226.28
3,full,5059,ok,True,2,0,0,2,2,0,True,25,0,0,True,True,223.92,223.92
4,full,178682,ok,True,2,0,0,2,2,0,True,25,0,0,True,True,224.91,224.91
5,full,158449,ok,True,26,0,0,26,26,0,True,25,0,0,True,True,225.98,225.98
6,full,262395,ok,True,1,0,0,1,1,0,True,25,0,0,True,True,226.08,226.08
7,full,128887,ok,True,7,0,0,7,7,0,True,25,0,0,True,True,225.64,225.64
8,full,156062,ok,True,44,0,0,44,44,0,True,25,0,0,True,True,225.83,225.83
9,redacted,267630,ok,True,14,1,1,13,13,0,True,25,0,0,True,True,225.50,225.50
10,full,380460,ok,True,10,0,0,10,10,0,True,25,0,0,True,True,224.78,224.78
11,redacted,1205985,ok,True,26,4,4,22,22,0,True,25,0,0,True,True,224.70,224.70
12,redacted,807845,ok,True,14,3,3,11,11,0,True,25,0,0,True,True,224.39,224.39
13,full,1576041,ok,True,25,0,0,25,25,0,True,25,0,0,True,True,225.42,225.42
14,full,2543560,ok,True,31,0,0,31,31,0,True,25,0,0,True,True,225.41,225.41
15,full,2406025,ok,True,35,0,0,35,35,0,True,25,0,0,True,True,225.48,225.48
16,full,2820741,ok,True,24,0,0,24,24,0,True,25,0,0,True,True,224.84,224.84
17,full,2294180,ok,True,9,0,0,9,9,0,True,25,0,0,True,True,226.30,226.30
18,redacted,2118503,ok,True,215,198,198,17,17,0,True,0,25,0,False,True,219.68,224.99
19,redacted,2867575,ok,True,169,160,160,9,9,0,True,0,1,24,False,True,223.57,225.26
20,redacted,2593172,ok,True,46,4,4,42,42,0,True,1,0,24,True,True,225.39,225.39
21,full,2596640,ok,True,10,0,0,10,10,0,True,5,0,20,True,True,229.57,229.57
22,redacted,2727533,ok,True,542,292,292,250,250,0,True,0,1,24,False,True,224.18,224.92
23,redacted,2782549,ok,True,282,154,154,128,128,0,True,0,1,24,False,True,224.52,224.86
24,redacted,1187223,ok,True,210,142,142,68,68,0,True,0,1,24,False,True,225.63,225.55
25,redacted,7460,ok,True,84,79,79,5,5,0,True,0,1,24,False,True,222.71,225.07
26,full,2860,ok,True,5,0,0,5,5,0,True,1,0,24,True,True,223.02,223.02
27,redacted,1813378,ok,True,14,1,1,13,13,0,True,1,0,24,True,True,225.24,225.24
28,full,2090731,ok,True,17,0,0,17,17,0,True,1,0,24,True,True,218.25,218.25
29,full,879411,ok,True,566,0,0,566,566,0,True,1,0,24,True,True,224.77,224.77
30,redacted,1327890,ok,True,1313,3,3,1310,1310,0,True,0,1,24,False,True,224.05,224.74
31,full,2434207,ok,True,401,0,0,401,401,0,True,1,0,24,True,True,222.68,222.68
32,full,2864082,ok,True,1392,0,0,1392,1392,0,True,1,0,24,True,True,224.15,224.15
33,full,757463,ok,True,164,0,0,164,164,0,True,1,0,24,True,True,224.17,224.17
34,full,942494,ok,True,26,0,0,26,26,0,True,1,0,24,True,True,223.18,223.18
35,full,1658270,ok,True,141,0,0,141,141,0,True,1,0,24,True,True,224.28,224.28
36,full,1393489,ok,True,122,0,0,122,122,0,True,1,0,24,True,True,222.26,222.26
37,full,1477367,ok,True,145,0,0,145,145,0,True,1,0,24,True,True,225.00,225.00
38,full,2010136,ok,True,213,0,0,213,213,0,True,1,0,24,True,True,224.75,224.75
39,full,2767570,ok,True,178,0,0,178,178,0,True,1,0,24,True,True,224.83,224.83
40,full,1058472,ok,True,72,0,0,72,72,0,True,1,0,24,True,True,224.98,224.98
41,full,1477830,ok,True,93,0,0,93,93,0,True,1,0,24,True,True,224.74,224.74
42,redacted,1674945,ok,True,154,1,1,153,153,0,True,1,0,24,True,True,224.81,224.81
43,redacted,1343191,ok,True,310,2,2,308,308,0,True,1,0,24,True,True,225.01,225.01
44,full,1538656,ok,True,176,0,0,176,176,0,True,1,0,24,True,True,224.95,224.95
45,full,1849151,ok,True,189,0,0,189,189,0,True,1,0,24,True,True,224.82,224.82
46,full,889173,ok,True,182,0,0,182,182,0,True,1,0,24,True,True,224.99,224.99
47,full,1654358,ok,True,207,0,0,207,207,0,True,1,0,24,True,True,225.00,225.00
48,full,1501686,ok,True,145,0,0,145,145,0,True,1,0,24,True,True,225.01,225.01
49,redacted,1393806,ok,True,226,1,1,225,225,0,True,1,0,24,True,True,224.94,224.94
50,full,1565227,ok,True,206,0,0,206,206,0,True,1,0,24,True,True,225.02,225.02
51,full,1421697,ok,True,275,0,0,275,275,0,True,1,0,24,True,True,225.02,225.02
52,redacted,616528,ok,True,317,20,20,297,297,0,True,1,0,24,True,True,224.33,224.33
53,redacted,405844,ok,True,593,43,43,550,550,0,True,0,1,24,False,True,225.45,225.39
54,full,769222,ok,True,360,0,0,360,360,0,True,1,0,24,True,True,222.66,222.66
55,full,1513686,ok,True,1390,0,0,1390,1390,0,True,1,0,24,True,True,222.35,222.35
56,full,989581,ok,True,1387,0,0,1387,1387,0,True,1,0,24,True,True,222.35,222.35
57,full,386997,ok,True,797,0,0,797,797,0,True,1,0,24,True,True,222.36,222.36
58,full,499098,ok,True,1311,0,0,1311,1311,0,True,24,0,1,True,True,235.95,235.95
59,redacted,631230,ok,True,1681,14,14,1667,1667,0,True,1,0,24,True,True,214.53,214.53
60,redacted,598573,ok,True,1606,33,33,1573,1573,0,True,0,1,24,False,True,214.41,214.42
61,full,525489,ok,True,1319,0,0,1319,1319,0,True,1,0,24,True,True,214.32,214.32
62,full,359552,ok,True,808,0,0,808,808,0,True,1,0,24,True,True,224.34,224.34
63,full,164333,ok,True,298,0,0,298,298,0,True,1,0,24,True,True,224.60,224.60
64,full,284386,ok,True,583,0,0,583,583,0,True,1,0,24,True,True,224.83,224.83
65,full,299724,ok,True,581,0,0,581,581,0,True,1,0,24,True,True,224.98,224.98
66,full,201503,ok,True,219,0,0,219,219,0,True,1,0,24,True,True,224.82,224.82
67,full,183435,ok,True,198,0,0,198,198,0,True,1,0,24,True,True,225.04,225.04
68,full,227137,ok,True,327,0,0,327,327,0,True,1,0,24,True,True,223.45,223.45
69,full,220363,ok,True,276,0,0,276,276,0,True,23,0,2,True,True,231.34,231.34
70,full,217276,ok,True,218,0,0,218,218,0,True,1,0,24,True,True,223.60,223.60
71,full,268796,ok,True,172,0,0,172,172,0,True,23,0,2,True,True,226.82,226.82
72,redacted,326616,ok,True,204,43,43,161,161,0,True,0,1,24,False,True,224.40,224.32
73,redacted,236124,ok,True,214,27,27,187,187,0,True,0,1,24,False,True,224.74,224.69
74,full,260538,ok,True,220,0,0,220,220,0,True,1,0,24,True,True,224.73,224.73
75,full,345466,ok,True,387,0,0,387,387,0,True,1,0,24,True,True,224.74,224.74
76,full,224579,ok,True,434,0,0,434,434,0,True,1,0,24,True,True,224.98,224.98
77,full,230266,ok,True,433,0,0,433,433,0,True,1,0,24,True,True,224.88,224.88
78,redacted,236695,ok,True,479,43,43,436,436,0,True,0,1,24,False,True,224.75,224.54
79,redacted,259309,ok,True,515,43,43,472,472,0,True,0,1,24,False,True,224.31,224.16
80,redacted,241628,ok,True,544,43,43,501,501,0,True,0,1,24,False,True,223.99,223.96
81,redacted,284406,ok,True,567,43,43,524,524,0,True,0,1,24,True,True,222.31,222.31
82,redacted,254890,ok,True,562,43,43,519,519,0,True,0,1,24,False,True,222.79,222.78
83,redacted,181383,ok,True,493,43,43,450,450,0,True,0,21,4,False,True,226.36,226.20
84,redacted,1116732,ok,True,520,43,43,477,477,0,True,0,1,24,False,True,224.56,224.53
85,redacted,3278843,ok,True,146,27,27,119,119,0,True,0,1,24,False,True,223.93,223.88
86,redacted,3848766,ok,True,100,9,9,91,91,0,True,1,0,24,True,True,223.45,223.45
87,redacted,1437857,ok,True,370,43,43,327,327,0,True,0,1,24,False,True,224.34,224.28
88,redacted,170756,ok,True,486,43,43,443,443,0,True,0,1,24,False,True,224.01,223.95
89,redacted,198572,ok,True,510,43,43,467,467,0,True,0,1,24,False,True,222.78,222.77
90,redacted,175797,ok,True,500,43,43,457,457,0,True,0,1,24,False,True,224.35,224.18
91,redacted,167003,ok,True,429,43,43,386,386,0,True,0,1,24,False,True,223.79,223.74
92,full,107938,ok,True,195,0,0,195,195,0,True,1,0,24,True,True,224.31,224.31
93,full,110062,ok,True,169,0,0,169,169,0,True,1,0,24,True,True,223.79,223.79
94,full,102118,ok,True,170,0,0,170,170,0,True,1,0,24,True,True,223.97,223.97
95,full,101524,ok,True,176,0,0,176,176,0,True,1,0,24,True,True,224.51,224.51
96,full,211199,ok,True,159,0,0,159,159,0,True,23,0,2,True,True,225.46,225.46
97,full,142523,ok,True,186,0,0,186,186,0,True,1,0,24,True,True,225.01,225.01
98,full,180906,ok,True,224,0,0,224,224,0,True,1,0,24,True,True,224.88,224.88
99,full,990013,ok,True,1441,0,0,1441,1441,0,True,1,0,24,True,True,225.03,225.03
100,full,2211541,ok,True,1388,0,0,1388,1388,0,True,1,0,24,True,True,225.06,225.06
101,full,2761656,ok,True,1293,0,0,1293,1293,0,True,1,0,24,True,True,225.01,225.01
102,full,2540134,ok,True,1232,0,0,1232,1232,0,True,1,0,24,True,True,225.03,225.03
103,full,2034431,ok,True,1246,0,0,1246,1246,0,True,1,0,24,True,True,225.01,225.01
104,full,1750507,ok,True,1228,0,0,1228,1228,0,True,1,0,24,True,True,225.02,225.02
105,full,1640684,ok,True,1159,0,0,1159,1159,0,True,1,0,24,True,True,224.78,224.78
106,full,700335,ok,True,58,0,0,58,58,0,True,23,0,2,True,True,225.23,225.23
107,redacted,84473,ok,True,497,374,374,123,123,0,True,0,1,24,False,True,225.07,225.00
108,redacted,66073,ok,True,432,377,377,55,55,0,True,0,1,24,False,True,225.21,224.98
109,redacted,99227,ok,True,554,384,384,170,170,0,True,0,1,24,False,True,223.13,224.99
110,redacted,87933,ok,True,547,384,384,163,163,0,True,0,1,24,False,True,224.67,224.97
111,redacted,224286,ok,True,542,385,385,157,157,0,True,0,1,24,False,True,224.06,224.92
112,redacted,339678,ok,True,304,144,144,160,160,0,True,0,1,24,False,True,224.92,225.01
113,full,380369,ok,True,270,0,0,270,270,0,True,1,0,24,True,True,223.41,223.41
114,full,406662,ok,True,315,0,0,315,315,0,True,1,0,24,True,True,225.01,225.01
115,full,417454,ok,True,300,0,0,300,300,0,True,1,0,24,True,True,224.84,224.84
116,full,405812,ok,True,306,0,0,306,306,0,True,1,0,24,True,True,225.09,225.09
117,full,423641,ok,True,335,0,0,335,335,0,True,1,0,24,True,True,224.76,224.76
118,full,261784,ok,True,311,0,0,311,311,0,True,23,0,2,True,True,225.41,225.41
119,redacted,304407,ok,True,474,1,1,473,473,0,True,0,23,2,True,True,225.57,225.57
120,redacted,330570,ok,True,1516,1239,1239,277,277,0,True,0,4,21,False,True,227.08,225.15
121,redacted,344281,ok,True,1303,1180,1180,123,123,0,True,0,1,24,False,True,223.52,225.04
122,full,281198,ok,True,99,0,0,99,99,0,True,1,0,24,True,True,224.31,224.31
123,redacted,210428,ok,True,1369,1237,1237,132,132,0,True,0,1,24,False,True,223.37,224.85
124,redacted,223158,ok,True,1331,1236,1236,95,95,0,True,0,1,24,False,True,221.93,224.83
125,redacted,245732,ok,True,1376,1216,1216,160,160,0,True,0,1,24,False,True,222.74,224.96
126,redacted,251401,ok,True,1290,1222,1222,68,68,0,True,0,1,24,False,True,223.09,225.04
127,full,220780,ok,True,123,0,0,123,123,0,True,23,0,2,True,True,225.50,225.50
128,redacted,318064,ok,True,1339,1237,1237,102,102,0,True,0,1,24,False,True,225.02,225.06
129,redacted,301535,ok,True,1141,1073,1073,68,68,0,True,0,2,23,False,True,226.11,225.14
130,full,155301,ok,True,63,0,0,63,63,0,True,1,0,24,True,True,224.98,224.98
131,redacted,248371,ok,True,1379,1174,1174,205,205,0,True,0,1,24,False,True,223.60,225.04
132,redacted,246592,ok,True,1419,1232,1232,187,187,0,True,0,23,2,False,True,226.26,225.23
133,redacted,179249,ok,True,1275,1141,1141,134,134,0,True,0,5,20,False,True,226.61,225.16
134,redacted,171518,ok,True,1309,1181,1181,128,128,0,True,0,23,2,False,True,226.63,225.19
135,redacted,164066,ok,True,1163,1053,1053,110,110,0,True,0,4,21,False,True,225.97,225.15
136,redacted,187810,ok,True,1401,1235,1235,166,166,0,True,0,1,24,False,True,225.64,225.12
137,redacted,195690,ok,True,1325,1183,1183,142,142,0,True,0,1,24,False,True,223.72,224.91
138,full,149267,ok,True,179,0,0,179,179,0,True,1,0,24,True,True,224.72,224.72
139,redacted,169689,ok,True,482,361,361,121,121,0,True,0,1,24,False,True,224.99,225.07
140,full,138605,ok,True,101,0,0,101,101,0,True,23,0,2,True,True,225.88,225.88
141,full,173214,ok,True,230,0,0,230,230,0,True,23,0,2,True,True,225.19,225.19
142,full,150805,ok,True,200,0,0,200,200,0,True,1,0,24,True,True,222.49,222.49
143,full,118965,ok,True,101,0,0,101,101,0,True,5,0,20,True,True,225.16,225.16
144,full,101678,ok,True,76,0,0,76,76,0,True,23,0,2,True,True,226.20,226.20
145,redacted,90587,ok,True,92,2,2,90,90,0,True,0,23,2,True,True,225.84,225.84
146,full,131875,ok,True,103,0,0,103,103,0,True,23,0,2,True,True,226.80,226.80
147,redacted,121598,ok,True,84,4,4,80,80,0,True,0,1,24,False,True,224.89,225.01
148,full,127244,ok,True,87,0,0,87,87,0,True,23,0,2,True,True,226.30,226.30
149,full,131759,ok,True,104,0,0,104,104,0,True,1,0,24,True,True,224.71,224.71
150,full,99863,ok,True,97,0,0,97,97,0,True,23,0,2,True,True,226.20,226.20
151,full,111843,ok,True,129,0,0,129,129,0,True,1,0,24,True,True,224.88,224.88
152,full,126343,ok,True,160,0,0,160,160,0,True,1,0,24,True,True,223.75,223.75
153,redacted,103179,ok,True,147,6,6,141,141,0,True,0,1,24,False,True,216.48,216.34
154,full,134379,ok,True,144,0,0,144,144,0,True,1,0,24,True,True,225.01,225.01
155,full,136438,ok,True,273,0,0,273,273,0,True,23,0,2,True,True,225.35,225.35
156,redacted,112725,ok,True,261,30,30,231,231,0,True,23,0,2,True,True,225.37,225.37
157,full,106142,ok,True,214,0,0,214,214,0,True,23,0,2,True,True,225.46,225.46
158,full,113993,ok,True,210,0,0,210,210,0,True,1,0,24,True,True,224.05,224.05
159,redacted,172759,ok,True,165,4,4,161,161,0,True,23,0,2,True,True,225.90,225.90
160,redacted,326772,ok,True,196,4,4,192,192,0,True,1,0,24,True,True,223.28,223.28
161,redacted,278826,ok,True,169,4,4,165,165,0,True,23,0,2,True,True,225.99,225.99
162,redacted,327530,ok,True,254,4,4,250,250,0,True,1,0,24,True,True,223.48,223.48
163,redacted,346005,ok,True,194,4,4,190,190,0,True,1,0,24,True,True,223.68,223.68
164,redacted,343515,ok,True,173,4,4,169,169,0,True,1,0,24,True,True,223.45,223.45
165,redacted,388151,ok,True,287,3,3,284,284,0,True,1,0,24,True,True,222.48,222.48
166,redacted,450146,ok,True,199,2,2,197,197,0,True,1,0,24,True,True,225.05,225.05
167,redacted,527534,ok,True,315,36,36,279,279,0,True,0,1,24,False,True,223.21,223.56
168,redacted,455157,ok,True,325,54,54,271,271,0,True,0,1,24,False,True,223.18,223.66
169,redacted,487633,ok,True,404,54,54,350,350,0,True,0,1,24,False,True,222.61,222.77
170,redacted,574426,ok,True,727,54,54,673,673,0,True,0,1,24,False,True,223.42,223.52
171,redacted,494550,ok,True,397,54,54,343,343,0,True,0,23,2,False,True,226.19,226.23
172,redacted,415549,ok,True,266,54,54,212,212,0,True,0,1,24,False,True,220.95,222.02
173,redacted,449611,ok,True,300,54,54,246,246,0,True,0,1,24,False,True,222.03,222.64
174,redacted,420438,ok,True,261,54,54,207,207,0,True,0,1,24,False,True,223.60,223.83
175,redacted,466106,ok,True,339,54,54,285,285,0,True,0,1,24,False,True,224.41,224.59
176,redacted,458173,ok,True,451,54,54,397,397,0,True,0,1,24,False,True,224.10,224.30
177,redacted,478222,ok,True,376,54,54,322,322,0,True,0,1,24,False,True,224.20,224.42
178,redacted,528741,ok,True,374,54,54,320,320,0,True,0,1,24,False,True,224.24,224.28
179,redacted,470751,ok,True,300,54,54,246,246,0,True,0,1,24,False,True,224.23,224.36
180,redacted,480697,ok,True,320,54,54,266,266,0,True,0,1,24,False,True,224.35,224.47
181,redacted,652550,ok,True,351,54,54,297,297,0,True,0,1,24,False,True,224.28,224.39
182,redacted,630710,ok,True,451,54,54,397,397,0,True,0,1,24,False,True,224.35,224.43
183,redacted,610617,ok,True,419,54,54,365,365,0,True,0,1,24,False,True,224.34,224.36
184,redacted,537261,ok,True,333,54,54,279,279,0,True,0,1,24,False,True,224.46,224.55
185,redacted,572619,ok,True,344,54,54,290,290,0,True,0,1,24,False,True,224.26,224.36
186,redacted,642270,ok,True,646,54,54,592,592,0,True,0,1,24,False,True,224.40,224.45
187,redacted,668282,ok,True,671,54,54,617,617,0,True,0,1,24,False,True,224.14,224.17
188,redacted,708162,ok,True,750,54,54,696,696,0,True,0,1,24,False,True,224.33,224.35
189,redacted,674571,ok,True,759,54,54,705,705,0,True,0,1,24,False,True,224.32,224.36
190,redacted,565567,ok,True,659,52,52,607,607,0,True,0,1,24,False,True,224.08,224.15
191,redacted,650544,ok,True,799,54,54,745,745,0,True,0,1,24,False,True,224.41,224.44
192,redacted,750389,ok,True,786,53,53,733,733,0,True,0,1,24,False,True,224.19,224.24
193,redacted,709036,ok,True,814,54,54,760,760,0,True,0,1,24,False,True,224.24,224.29
194,redacted,632878,ok,True,739,55,55,684,684,0,True,0,1,24,False,True,224.10,224.15
195,redacted,649160,ok,True,769,55,55,714,714,0,True,0,1,24,False,True,224.20,224.27
196,redacted,556160,ok,True,507,55,55,452,452,0,True,0,1,24,False,True,224.31,224.40
197,redacted,336213,ok,True,408,54,54,354,354,0,True,0,1,24,False,True,224.32,224.35
198,redacted,522373,ok,True,1059,55,55,1004,1004,0,True,0,1,24,True,True,224.50,224.50
199,redacted,700872,ok,True,1530,55,55,1475,1475,0,True,0,1,24,False,True,224.48,224.49
200,redacted,660844,ok,True,1441,58,58,1383,1383,0,True,0,1,24,True,True,224.50,224.50
201,redacted,705636,ok,True,1491,55,55,1436,1436,0,True,0,1,24,False,True,224.53,224.54
202,redacted,726900,ok,True,1707,55,55,1652,1652,0,True,0,1,24,False,True,224.15,224.24
203,redacted,716503,ok,True,1535,55,55,1480,1480,0,True,0,1,24,False,True,224.33,224.38
204,redacted,663888,ok,True,1387,55,55,1332,1332,0,True,0,1,24,False,True,224.43,224.56
205,redacted,748950,ok,True,1694,55,55,1639,1639,0,True,0,1,24,False,True,224.38,224.44
206,redacted,729905,ok,True,1595,53,53,1542,1542,0,True,0,1,24,False,True,224.40,224.50
207,redacted,858375,ok,True,1725,57,57,1668,1668,0,True,0,1,24,False,True,224.33,224.40
208,redacted,782584,ok,True,1674,54,54,1620,1620,0,True,0,1,24,False,True,223.73,223.79
209,redacted,838421,ok,True,1737,54,54,1683,1683,0,True,0,1,24,False,True,222.91,223.03
210,redacted,654521,ok,True,815,53,53,762,762,0,True,0,1,24,False,True,223.55,223.66
211,redacted,994716,ok,True,1734,55,55,1679,1679,0,True,0,1,24,False,True,224.06,224.13
212,redacted,1019647,ok,True,2094,60,60,2034,2034,0,True,0,1,24,False,True,224.33,224.35
213,redacted,1142580,ok,True,2480,55,55,2425,2425,0,True,0,1,24,False,True,224.34,224.36
214,redacted,853831,ok,True,1736,55,55,1681,1681,0,True,0,1,24,False,True,224.33,224.50
215,redacted,869192,ok,True,1685,55,55,1630,1630,0,True,0,1,24,False,True,223.49,223.60
216,redacted,819029,ok,True,1809,54,54,1755,1755,0,True,0,1,24,False,True,223.92,224.01
217,redacted,755004,ok,True,1550,55,55,1495,1495,0,True,0,1,24,False,True,222.89,223.01
218,redacted,752377,ok,True,1648,55,55,1593,1593,0,True,0,1,24,False,True,223.52,223.59
219,redacted,601892,ok,True,1178,55,55,1123,1123,0,True,0,1,24,False,True,223.51,223.65
220,redacted,579609,ok,True,1053,55,55,998,998,0,True,0,1,24,False,True,223.82,223.92
221,redacted,636996,ok,True,1117,55,55,1062,1062,0,True,0,1,24,False,True,223.36,223.42
222,redacted,820933,ok,True,1790,55,55,1735,1735,0,True,0,1,24,False,True,223.71,223.80
223,redacted,568293,ok,True,1103,82,82,1021,1021,0,True,0,1,24,False,True,223.46,223.69
224,redacted,444528,ok,True,677,55,55,622,622,0,True,0,1,24,False,True,223.88,223.97
225,redacted,464285,ok,True,771,56,56,715,715,0,True,0,1,24,False,True,223.49,223.59
226,redacted,738041,ok,True,1589,53,53,1536,1536,0,True,0,1,24,False,True,223.90,224.03
227,redacted,863620,ok,True,1999,54,54,1945,1945,0,True,0,1,24,False,True,223.00,223.14
228,redacted,879659,ok,True,2013,54,54,1959,1959,0,True,0,1,24,False,True,223.62,223.73
229,redacted,880917,ok,True,2030,55,55,1975,1975,0,True,0,1,24,False,True,223.67,223.80
230,redacted,726961,ok,True,1337,55,55,1282,1282,0,True,0,1,24,False,True,223.20,223.31
231,redacted,668123,ok,True,659,55,55,604,604,0,True,0,1,24,False,True,222.63,222.79
232,redacted,704606,ok,True,896,55,55,841,841,0,True,0,1,24,False,True,223.02,223.11
233,redacted,680540,ok,True,691,55,55,636,636,0,True,0,1,24,False,True,221.98,222.13
234,redacted,713215,ok,True,817,55,55,762,762,0,True,0,1,24,False,True,223.16,223.25
235,redacted,680984,ok,True,674,55,55,619,619,0,True,0,1,24,False,True,223.24,223.38
236,redacted,742003,ok,True,706,55,55,651,651,0,True,0,1,24,False,True,222.75,222.90
237,redacted,662867,ok,True,802,55,55,747,747,0,True,0,1,24,False,True,221.94,222.10
238,redacted,607609,ok,True,665,55,55,610,610,0,True,0,1,24,False,True,222.86,223.01
239,redacted,911124,ok,True,1516,55,55,1461,1461,0,True,0,1,24,False,True,221.93,222.00
240,redacted,943368,ok,True,1675,55,55,1620,1620,0,True,0,1,24,False,True,221.48,221.55
241,redacted,880070,ok,True,1248,55,55,1193,1193,0,True,0,1,24,False,True,221.80,221.90
242,redacted,995875,ok,True,1874,55,55,1819,1819,0,True,0,1,24,False,True,223.00,223.02
243,redacted,1332034,ok,True,2628,54,54,2574,2574,0,True,0,1,24,False,True,223.37,223.38
244,redacted,1296173,ok,True,2428,54,54,2374,2374,0,True,0,1,24,False,True,223.98,223.99
245,redacted,1578997,ok,True,3481,54,54,3427,3427,0,True,0,1,24,False,True,224.28,224.29
246,redacted,1435742,ok,True,3482,54,54,3428,3428,0,True,0,1,24,False,True,222.74,222.77
247,redacted,1480774,ok,True,3726,55,55,3671,3671,0,True,0,1,24,False,True,221.55,221.62
248,redacted,445223,ok,True,783,55,55,728,728,0,True,0,1,24,False,True,223.11,223.31
249,redacted,473706,ok,True,506,55,55,451,451,0,True,0,1,24,False,True,222.36,222.50
250,redacted,611210,ok,True,987,5,5,982,982,0,True,0,1,24,True,True,221.55,221.55
251,redacted,577488,ok,True,994,55,55,939,939,0,True,0,1,24,False,True,221.54,221.61
252,redacted,602314,ok,True,1035,55,55,980,980,0,True,0,1,24,False,True,221.51,221.57
253,redacted,618045,ok,True,1030,5,5,1025,1025,0,True,0,1,24,False,True,221.27,221.28
254,redacted,506391,ok,True,707,55,55,652,652,0,True,0,1,24,False,True,221.73,221.80
255,redacted,548809,ok,True,884,55,55,829,829,0,True,0,1,24,False,True,221.36,221.44
256,redacted,694244,ok,True,910,55,55,855,855,0,True,0,1,24,False,True,221.59,221.63
257,redacted,904753,ok,True,1101,5,5,1096,1096,0,True,0,1,24,True,True,221.52,221.52
258,redacted,969967,ok,True,1321,55,55,1266,1266,0,True,0,1,24,False,True,222.08,222.12
259,redacted,973473,ok,True,1345,55,55,1290,1290,0,True,0,1,24,False,True,222.12,222.18
260,redacted,1037581,ok,True,1571,5,5,1566,1566,0,True,0,1,24,True,True,222.64,222.64
261,redacted,910585,ok,True,1096,54,54,1042,1042,0,True,0,1,24,False,True,221.50,221.57
262,redacted,1043924,ok,True,1617,54,54,1563,1563,0,True,0,1,24,False,True,222.58,222.61
263,redacted,958438,ok,True,1272,3,3,1269,1269,0,True,0,1,24,False,True,222.15,222.16
264,redacted,1161492,ok,True,1809,55,55,1754,1754,0,True,0,1,24,False,True,222.68,222.72
265,redacted,1176422,ok,True,2070,55,55,2015,2015,0,True,0,1,24,False,True,221.86,221.89
266,redacted,1178888,ok,True,2157,55,55,2102,2102,0,True,0,1,24,False,True,222.14,222.17
267,redacted,1032292,ok,True,1612,56,56,1556,1556,0,True,0,1,24,False,True,221.41,221.45
268,redacted,1138832,ok,True,2077,55,55,2022,2022,0,True,0,1,24,False,True,222.17,222.21
269,redacted,1099042,ok,True,1878,55,55,1823,1823,0,True,0,1,24,False,True,221.86,221.89
270,redacted,1071515,ok,True,1832,55,55,1777,1777,0,True,0,1,24,False,True,221.85,221.89
271,redacted,989819,ok,True,1505,55,55,1450,1450,0,True,0,1,24,False,True,222.08,222.11
272,redacted,981805,ok,True,1493,55,55,1438,1438,0,True,0,1,24,False,True,222.01,222.05
273,redacted,991810,ok,True,1506,55,55,1451,1451,0,True,0,1,24,False,True,222.08,222.12
274,redacted,1007316,ok,True,1775,55,55,1720,1720,0,True,0,1,24,False,True,222.42,222.45
275,redacted,866981,ok,True,1063,55,55,1008,1008,0,True,0,1,24,False,True,221.57,221.64
276,redacted,1213938,ok,True,2155,55,55,2100,2100,0,True,0,1,24,False,True,222.37,222.38
277,redacted,1048919,ok,True,1663,55,55,1608,1608,0,True,0,1,24,False,True,221.97,222.01
278,redacted,1014233,ok,True,1544,55,55,1489,1489,0,True,0,1,24,False,True,221.96,222.00
279,redacted,971006,ok,True,1424,53,53,1371,1371,0,True,0,1,24,False,True,221.85,221.90
280,redacted,1036846,ok,True,1608,54,54,1554,1554,0,True,0,1,24,False,True,222.00,222.04
281,redacted,986700,ok,True,1481,54,54,1427,1427,0,True,0,1,24,False,True,221.96,222.00
282,redacted,1073659,ok,True,1819,55,55,1764,1764,0,True,0,1,24,False,True,222.35,222.38
283,redacted,915968,ok,True,1245,55,55,1190,1190,0,True,0,1,24,False,True,221.41,221.48
284,redacted,903807,ok,True,1445,55,55,1390,1390,0,True,0,1,24,False,True,222.76,222.78
285,redacted,973282,ok,True,1632,55,55,1577,1577,0,True,0,1,24,False,True,221.93,221.96
286,redacted,773910,ok,True,1083,55,55,1028,1028,0,True,0,1,24,False,True,221.53,221.59
287,redacted,1025430,ok,True,1363,55,55,1308,1308,0,True,0,1,24,False,True,221.38,221.42
288,redacted,1028842,ok,True,1242,55,55,1187,1187,0,True,0,1,24,False,True,221.46,221.51
289,redacted,1038483,ok,True,1280,55,55,1225,1225,0,True,0,1,24,False,True,221.37,221.42
290,redacted,1027007,ok,True,1271,55,55,1216,1216,0,True,0,1,24,False,True,221.35,221.41
291,redacted,1397071,ok,True,3029,56,56,2973,2973,0,True,0,1,24,False,True,222.49,222.52
292,redacted,1150867,ok,True,1866,51,51,1815,1815,0,True,0,1,24,False,True,221.82,221.88
293,redacted,984028,ok,True,1480,55,55,1425,1425,0,True,0,1,24,False,True,221.59,221.65
294,redacted,1060192,ok,True,1642,51,51,1591,1591,0,True,0,1,24,False,True,221.69,221.74
295,redacted,1286349,ok,True,2576,51,51,2525,2525,0,True,0,1,24,False,True,221.39,221.46
296,redacted,1594041,ok,True,3619,51,51,3568,3568,0,True,0,1,24,False,True,221.22,221.27
297,redacted,1516831,ok,True,3384,51,51,3333,3333,0,True,0,1,24,False,True,221.30,221.35
298,redacted,1538611,ok,True,3402,51,51,3351,3351,0,True,0,1,24,False,True,221.27,221.31
299,redacted,1423776,ok,True,3077,51,51,3026,3026,0,True,0,1,24,False,True,221.25,221.30
300,redacted,1433312,ok,True,3118,51,51,3067,3067,0,True,0,1,24,False,True,221.30,221.37
301,redacted,1080079,ok,True,1909,51,51,1858,1858,0,True,0,1,24,False,True,221.18,221.24
302,redacted,876945,ok,True,1319,51,51,1268,1268,0,True,0,1,24,False,True,221.24,221.32
303,redacted,766011,ok,True,1119,51,51,1068,1068,0,True,0,1,24,False,True,221.28,221.34
304,redacted,575575,ok,True,662,51,51,611,611,0,True,0,1,24,False,True,222.87,222.96
305,redacted,942801,ok,True,1686,52,52,1634,1634,0,True,0,1,24,False,True,221.12,221.17
306,redacted,855518,ok,True,1448,55,55,1393,1393,0,True,0,1,24,False,True,221.23,221.29
307,redacted,881926,ok,True,1461,55,55,1406,1406,0,True,0,1,24,False,True,221.32,221.36
308,redacted,820482,ok,True,1239,55,55,1184,1184,0,True,0,1,24,False,True,221.24,221.31
309,redacted,856779,ok,True,1431,55,55,1376,1376,0,True,0,1,24,False,True,221.27,221.32
310,redacted,891847,ok,True,1388,55,55,1333,1333,0,True,0,1,24,False,True,221.65,221.70
311,redacted,914611,ok,True,1429,55,55,1374,1374,0,True,0,1,24,False,True,221.60,221.64
312,redacted,983114,ok,True,1659,55,55,1604,1604,0,True,0,1,24,False,True,221.62,221.67
313,redacted,971593,ok,True,1513,55,55,1458,1458,0,True,0,1,24,False,True,221.76,221.81
314,redacted,971959,ok,True,1593,55,55,1538,1538,0,True,0,1,24,False,True,221.80,221.85
315,redacted,983000,ok,True,1709,55,55,1654,1654,0,True,0,1,24,False,True,221.89,221.93
316,redacted,942366,ok,True,1602,59,59,1543,1543,0,True,0,1,24,False,True,221.91,221.98
317,redacted,873321,ok,True,1448,55,55,1393,1393,0,True,0,1,24,False,True,221.78,221.83
318,redacted,864039,ok,True,1458,59,59,1399,1399,0,True,0,1,24,False,True,222.29,222.35
319,redacted,798055,ok,True,1370,55,55,1315,1315,0,True,0,1,24,False,True,221.77,221.85
320,redacted,781092,ok,True,1250,55,55,1195,1195,0,True,0,1,24,False,True,221.76,221.85
321,redacted,768421,ok,True,1161,59,59,1102,1102,0,True,0,1,24,False,True,221.81,221.89
322,redacted,850681,ok,True,1296,57,57,1239,1239,0,True,0,1,24,False,True,221.66,221.74
323,redacted,1086870,ok,True,1721,55,55,1666,1666,0,True,0,1,24,False,True,222.25,222.30
324,redacted,1004927,ok,True,1636,59,59,1577,1577,0,True,0,1,24,False,True,222.41,222.45
325,redacted,979453,ok,True,1557,55,55,1502,1502,0,True,0,1,24,False,True,222.47,222.52
326,redacted,940642,ok,True,1325,55,55,1270,1270,0,True,0,1,24,False,True,223.06,223.10
327,redacted,1156851,ok,True,2150,59,59,2091,2091,0,True,0,1,24,False,True,222.68,222.71
328,redacted,762514,ok,True,974,56,56,918,918,0,True,0,1,24,False,True,223.96,224.00
329,redacted,894086,ok,True,1177,55,55,1122,1122,0,True,0,1,24,False,True,222.96,223.01
330,redacted,687667,ok,True,979,57,57,922,922,0,True,0,1,24,False,True,223.31,223.37
331,redacted,1017356,ok,True,1694,56,56,1638,1638,0,True,0,1,24,False,True,222.29,222.34
332,redacted,1116515,ok,True,2103,55,55,2048,2048,0,True,0,1,24,False,True,222.00,222.04
333,redacted,696991,ok,True,905,56,56,849,844,5,True,0,1,24,False,True,223.52,223.57
334,redacted,928731,ok,True,1482,55,55,1427,1420,7,True,0,1,24,False,True,222.49,222.53
335,redacted,1160515,ok,True,2139,56,56,2083,2075,8,True,0,1,24,False,True,221.99,222.03
336,redacted,731693,ok,True,1062,56,56,1006,1006,0,True,0,1,24,False,True,223.75,223.80
337,redacted,1135743,ok,True,1417,56,56,1361,1361,0,True,0,1,24,False,True,222.65,222.70
338,redacted,2290646,ok,True,1346,56,56,1290,1290,0,True,0,1,24,False,True,222.85,222.88
339,redacted,2496018,ok,True,1119,56,56,1063,1063,0,True,0,1,24,False,True,223.82,223.84
340,redacted,2450024,ok,True,1011,55,55,956,956,0,True,0,1,24,False,True,222.53,222.60
341,redacted,2577522,ok,True,1237,56,56,1181,1181,0,True,0,1,24,False,True,222.46,222.52
342,redacted,2732141,ok,True,1635,56,56,1579,1579,0,True,0,1,24,False,True,222.20,222.25
343,redacted,2859869,ok,True,2157,56,56,2101,2101,0,True,0,1,24,False,True,221.84,221.88
344,redacted,2703454,ok,True,1565,56,56,1509,1509,0,True,0,1,24,False,True,222.20,222.25
345,redacted,2775602,ok,True,1792,55,55,1737,1737,0,True,0,1,24,False,True,222.19,222.23
346,redacted,2658910,ok,True,1395,56,56,1339,1339,0,True,0,1,24,False,True,222.37,222.41
347,redacted,2806156,ok,True,1658,55,55,1603,1603,0,True,0,1,24,False,True,222.07,222.12
348,redacted,2977254,ok,True,2189,55,55,2134,2134,0,True,0,1,24,False,True,222.00,222.04
349,redacted,3003845,ok,True,1950,55,55,1895,1895,0,True,0,1,24,False,True,222.16,222.20
350,redacted,3006281,ok,True,1778,55,55,1723,1723,0,True,0,1,24,False,True,222.28,222.31
351,redacted,2944658,ok,True,1628,55,55,1573,1573,0,True,0,1,24,False,True,222.15,222.19
352,redacted,3054338,ok,True,1904,55,55,1849,1849,0,True,0,1,24,False,True,221.95,221.99
353,redacted,3080052,ok,True,2121,55,55,2066,2066,0,True,0,1,24,False,True,222.06,222.10
354,redacted,2002021,ok,True,2090,55,55,2035,2035,0,True,0,1,24,False,True,222.04,222.07
355,redacted,1651178,ok,True,3115,55,55,3060,3060,0,True,0,1,24,False,True,220.95,220.98
356,redacted,1623067,ok,True,3070,55,55,3015,3015,0,True,0,1,24,False,True,223.72,223.73
357,redacted,1468921,ok,True,2618,55,55,2563,2563,0,True,0,1,24,False,True,223.19,223.21
358,redacted,1182774,ok,True,1806,55,55,1751,1751,0,True,0,1,24,False,True,221.71,221.76
359,redacted,1041793,ok,True,1480,55,55,1425,1425,0,True,0,1,24,False,True,221.99,222.04
360,redacted,864654,ok,True,1223,55,55,1168,1168,0,True,0,1,24,False,True,221.85,221.91
361,redacted,714943,ok,True,598,55,55,543,543,0,True,0,1,24,False,True,222.90,223.02
362,redacted,908814,ok,True,876,55,55,821,821,0,True,0,1,24,False,True,222.06,222.14
363,redacted,1191412,ok,True,1810,55,55,1755,1755,0,True,0,1,24,False,True,221.86,221.90
364,redacted,1222913,ok,True,1862,55,55,1807,1807,0,True,0,1,24,False,True,222.04,222.08
365,redacted,1116142,ok,True,1475,55,55,1420,1420,0,True,0,1,24,False,True,222.40,222.44
366,redacted,973929,ok,True,1440,55,55,1385,1385,0,True,0,1,24,False,True,221.93,221.97
367,redacted,1293033,ok,True,2255,55,55,2200,2200,0,True,0,1,24,False,True,221.85,221.89
368,redacted,1210777,ok,True,2233,55,55,2178,2178,0,True,0,1,24,False,True,221.92,221.94
369,redacted,571889,ok,True,526,55,55,471,471,0,True,0,1,24,False,True,222.76,222.83
370,redacted,719529,ok,True,940,55,55,885,885,0,True,0,1,24,False,True,221.84,221.93
371,redacted,706143,ok,True,847,55,55,792,792,0,True,0,1,24,False,True,221.90,222.02
372,redacted,927513,ok,True,1549,55,55,1494,1494,0,True,0,1,24,False,True,221.59,221.64
373,redacted,1018028,ok,True,1692,55,55,1637,1637,0,True,0,1,24,False,True,221.57,221.61
374,redacted,879034,ok,True,1158,60,60,1098,1098,0,True,0,1,24,False,True,221.77,221.85
375,redacted,904150,ok,True,1405,56,56,1349,1349,0,True,0,1,24,False,True,221.63,221.70
376,redacted,862483,ok,True,1278,55,55,1223,1223,0,True,0,1,24,False,True,221.78,221.84
377,redacted,884074,ok,True,1351,55,55,1296,1296,0,True,0,1,24,False,True,221.70,221.77
378,redacted,890177,ok,True,1281,55,55,1226,1226,0,True,0,1,24,False,True,221.77,221.83
379,redacted,1180189,ok,True,1004,55,55,949,949,0,True,0,1,24,False,True,221.89,221.96
380,redacted,3183855,ok,True,621,55,55,566,566,0,True,0,1,24,False,True,222.10,222.23
381,redacted,3514396,ok,True,1652,55,55,1597,1597,0,True,0,1,24,False,True,221.63,221.66
382,redacted,3364086,ok,True,1526,55,55,1471,1471,0,True,0,1,24,False,True,222.22,222.26
383,redacted,3047545,ok,True,683,55,55,628,628,0,True,0,1,24,False,True,224.04,224.09
384,redacted,3126765,ok,True,762,55,55,707,707,0,True,0,1,24,False,True,224.35,224.36
385,redacted,3231274,ok,True,829,55,55,774,774,0,True,0,1,24,False,True,224.13,224.17
386,redacted,3258982,ok,True,1017,55,55,962,962,0,True,0,1,24,False,True,223.26,223.31
387,redacted,3200612,ok,True,736,55,55,681,681,0,True,0,1,24,False,True,224.30,224.33
388,redacted,3413285,ok,True,1397,55,55,1342,1342,0,True,0,1,24,False,True,224.35,224.37
389,redacted,3330680,ok,True,1372,55,55,1317,1317,0,True,0,1,24,False,True,224.34,224.36
390,redacted,3319530,ok,True,1199,55,55,1144,1144,0,True,0,1,24,False,True,224.53,224.54
391,redacted,3555562,ok,True,1350,55,55,1295,1295,0,True,0,1,24,False,True,224.41,224.44
392,redacted,3577434,ok,True,1695,55,55,1640,1640,0,True,0,1,24,True,True,224.36,224.36
393,redacted,3693035,ok,True,1814,55,55,1759,1759,0,True,0,1,24,False,True,224.25,224.22
394,redacted,3456485,ok,True,709,55,55,654,654,0,True,0,1,24,False,True,224.13,224.17
395,redacted,3820623,ok,True,1810,55,55,1755,1755,0,True,0,1,24,False,True,221.97,222.02
396,redacted,3921738,ok,True,2099,55,55,2044,2044,0,True,0,1,24,False,True,221.89,221.93
397,redacted,3943534,ok,True,2379,55,55,2324,2324,0,True,0,1,24,False,True,222.28,222.30
398,redacted,3955515,ok,True,2428,55,55,2373,2373,0,True,0,1,24,False,True,222.29,222.31
399,redacted,3919193,ok,True,2405,55,55,2350,2350,0,True,0,1,24,False,True,222.27,222.29
400,redacted,3697305,ok,True,1980,55,55,1925,1925,0,True,0,1,24,False,True,221.64,221.68
401,redacted,4106987,ok,True,3038,55,55,2983,2983,0,True,0,1,24,False,True,222.68,222.69
402,redacted,4128685,ok,True,3085,55,55,3030,3030,0,True,0,1,24,False,True,222.65,222.68
403,redacted,3815052,ok,True,2710,55,55,2655,2655,0,True,0,1,24,False,True,222.49,222.51
404,redacted,3799200,ok,True,1954,55,55,1899,1899,0,True,0,1,24,False,True,221.71,221.76
405,redacted,3761855,ok,True,1998,55,55,1943,1943,0,True,0,1,24,False,True,221.73,221.77
406,redacted,3431326,ok,True,2023,55,55,1968,1968,0,True,0,1,24,False,True,221.65,221.69
407,redacted,1976470,ok,True,4111,55,55,4056,4056,0,True,0,1,24,False,True,222.70,222.72
408,redacted,1994543,ok,True,4096,55,55,4041,4041,0,True,0,1,24,False,True,222.87,222.88
409,redacted,2000206,ok,True,3950,55,55,3895,3895,0,True,0,1,24,False,True,223.15,223.17
410,redacted,1795650,ok,True,3678,55,55,3623,3623,0,True,0,1,24,False,True,223.45,223.46
411,redacted,1086691,ok,True,2171,55,55,2116,2116,0,True,0,1,24,False,True,223.51,223.52
412,redacted,735282,ok,True,1055,55,55,1000,1000,0,True,0,1,24,False,True,224.24,224.25
413,redacted,774431,ok,True,1044,55,55,989,989,0,True,0,1,24,False,True,224.22,224.24
414,redacted,718860,ok,True,1038,55,55,983,983,0,True,0,1,24,False,True,224.26,224.28
415,redacted,794601,ok,True,1332,55,55,1277,1277,0,True,0,1,24,False,True,224.32,224.35
416,redacted,697748,ok,True,1067,55,55,1012,1012,0,True,0,1,24,False,True,224.19,224.22
417,redacted,731088,ok,True,1023,55,55,968,968,0,True,0,1,24,False,True,224.32,224.34
418,redacted,755191,ok,True,1112,55,55,1057,1057,0,True,0,1,24,False,True,224.26,224.28
419,redacted,540882,ok,True,370,55,55,315,315,0,True,0,1,24,False,True,223.53,223.71
420,redacted,669889,ok,True,719,55,55,664,664,0,True,0,1,24,False,True,223.88,223.92
421,redacted,921778,ok,True,1367,55,55,1312,1312,0,True,0,1,24,False,True,224.09,224.11
422,redacted,979449,ok,True,1583,55,55,1528,1528,0,True,0,1,24,False,True,224.22,224.24
423,redacted,955557,ok,True,1636,55,55,1581,1581,0,True,0,1,24,False,True,224.20,224.22
424,redacted,903210,ok,True,1501,55,55,1446,1446,0,True,0,1,24,False,True,224.12,224.15
425,redacted,956786,ok,True,1486,55,55,1431,1431,0,True,0,1,24,False,True,224.20,224.22
426,redacted,678280,ok,True,791,55,55,736,736,0,True,0,1,24,False,True,223.97,224.07
427,redacted,637348,ok,True,809,55,55,754,754,0,True,0,1,24,False,True,223.50,223.70
428,redacted,707290,ok,True,856,55,55,801,801,0,True,0,1,24,False,True,223.47,223.64
429,redacted,685209,ok,True,798,55,55,743,743,0,True,0,1,24,False,True,223.74,223.90
430,redacted,678339,ok,True,811,55,55,756,756,0,True,0,1,24,False,True,223.55,223.72
431,redacted,673901,ok,True,816,55,55,761,761,0,True,0,1,24,False,True,223.49,223.65
432,redacted,659848,ok,True,855,55,55,800,800,0,True,0,1,24,False,True,223.63,223.80
433,redacted,706213,ok,True,880,55,55,825,825,0,True,0,1,24,False,True,223.62,223.77
434,redacted,566889,ok,True,853,55,55,798,798,0,True,0,1,24,False,True,223.57,223.74
435,redacted,598315,ok,True,816,55,55,761,761,0,True,0,1,24,False,True,223.83,223.97
436,redacted,635548,ok,True,808,55,55,753,753,0,True,0,1,24,False,True,223.73,223.95
437,redacted,687421,ok,True,852,55,55,797,797,0,True,0,1,24,False,True,223.62,223.86
438,redacted,674659,ok,True,832,55,55,777,777,0,True,0,1,24,False,True,224.14,224.26
439,redacted,725423,ok,True,1084,55,55,1029,1029,0,True,0,1,24,False,True,224.18,224.21
440,redacted,1158412,ok,True,1653,55,55,1598,1598,0,True,0,1,24,False,True,224.31,224.34
441,redacted,1377513,ok,True,1215,55,55,1160,1160,0,True,0,1,24,False,True,224.37,224.41
442,redacted,1799275,ok,True,856,55,55,801,801,0,True,0,1,24,False,True,223.82,223.95
443,redacted,3389205,ok,True,1127,55,55,1072,1072,0,True,0,1,24,False,True,224.15,224.17
444,redacted,3196075,ok,True,1159,55,55,1104,1104,0,True,0,1,24,False,True,224.20,224.24
445,redacted,3249303,ok,True,1006,55,55,951,951,0,True,0,1,24,False,True,223.99,224.03
446,redacted,3328613,ok,True,1502,55,55,1447,1447,0,True,0,1,24,False,True,224.20,224.25
447,redacted,3225700,ok,True,906,55,55,851,851,0,True,0,1,24,False,True,223.87,223.99
448,redacted,3130558,ok,True,1287,55,55,1232,1232,0,True,0,1,24,False,True,224.22,224.26
449,redacted,3284825,ok,True,1045,55,55,990,990,0,True,0,1,24,False,True,224.08,224.15
450,redacted,3313423,ok,True,1423,55,55,1368,1368,0,True,0,1,24,False,True,224.32,224.35
451,redacted,2716089,ok,True,1101,55,55,1046,1046,0,True,0,1,24,False,True,223.88,223.95
452,redacted,3401300,ok,True,1760,55,55,1705,1705,0,True,0,1,24,False,True,224.27,224.28
453,redacted,2979874,ok,True,1271,55,55,1216,1216,0,True,0,1,24,False,True,223.95,223.99
454,redacted,2916911,ok,True,1518,55,55,1463,1463,0,True,0,1,24,False,True,224.04,224.08
455,redacted,2912888,ok,True,1714,55,55,1659,1659,0,True,0,1,24,False,True,220.35,220.51
456,redacted,1666449,ok,True,1899,55,55,1844,1844,0,True,0,1,24,False,True,224.39,224.41
457,redacted,1056486,ok,True,1577,55,55,1522,1522,0,True,0,1,24,False,True,224.13,224.17
458,redacted,1074095,ok,True,1634,55,55,1579,1579,0,True,0,1,24,False,True,223.99,224.06
459,redacted,1178803,ok,True,2056,55,55,2001,2001,0,True,0,1,24,False,True,224.33,224.35
460,redacted,1062677,ok,True,1589,55,55,1534,1534,0,True,0,1,24,False,True,224.02,224.08
461,redacted,1123630,ok,True,1864,55,55,1809,1809,0,True,0,1,24,False,True,224.10,224.15
462,redacted,1228744,ok,True,2199,55,55,2144,2144,0,True,0,1,24,False,True,224.32,224.35
463,redacted,944226,ok,True,1725,55,55,1670,1670,0,True,0,1,24,False,True,223.91,224.00
464,redacted,944958,ok,True,1916,55,55,1861,1861,0,True,0,1,24,False,True,224.05,224.12
465,redacted,1003422,ok,True,2016,55,55,1961,1961,0,True,0,1,24,False,True,224.18,224.21
466,redacted,975947,ok,True,2026,51,51,1975,1975,0,True,0,1,24,False,True,223.84,223.92
467,redacted,976344,ok,True,2085,55,55,2030,2030,0,True,0,1,24,False,True,223.63,223.77
468,redacted,991800,ok,True,2121,55,55,2066,2066,0,True,0,1,24,False,True,223.68,223.79
469,redacted,1296377,ok,True,2157,55,55,2102,2102,0,True,0,1,24,False,True,223.82,223.93
470,redacted,1737900,ok,True,2390,55,55,2335,2335,0,True,0,1,24,False,True,224.03,224.09
471,redacted,1762966,ok,True,2299,55,55,2244,2244,0,True,0,1,24,False,True,224.13,224.20
472,redacted,1827168,ok,True,2854,55,55,2799,2799,0,True,0,1,24,False,True,224.17,224.20
473,redacted,1727663,ok,True,2625,55,55,2570,2570,0,True,0,1,24,False,True,223.74,223.80
474,redacted,1718808,ok,True,2658,55,55,2603,2603,0,True,0,1,24,False,True,223.84,223.92
475,redacted,1844444,ok,True,3111,55,55,3056,3056,0,True,0,1,24,False,True,223.77,223.87
476,redacted,1971400,ok,True,3452,55,55,3397,3397,0,True,0,1,24,False,True,223.82,223.91
477,redacted,1939855,ok,True,3250,55,55,3195,3195,0,True,0,1,24,False,True,224.27,224.38
478,redacted,1814293,ok,True,2903,55,55,2848,2848,0,True,0,1,24,False,True,223.73,223.85
479,redacted,1866571,ok,True,3060,55,55,3005,3005,0,True,0,1,24,False,True,223.68,223.78
480,redacted,1868486,ok,True,3066,55,55,3011,3011,0,True,0,1,24,False,True,224.08,224.14
481,redacted,1949643,ok,True,3289,55,55,3234,3234,0,True,0,1,24,False,True,223.69,223.78
482,redacted,1902122,ok,True,3197,55,55,3142,3142,0,True,0,1,24,False,True,223.87,223.92
483,redacted,1931630,ok,True,3394,55,55,3339,3339,0,True,0,1,24,False,True,224.03,224.11
484,redacted,1966826,ok,True,3490,55,55,3435,3435,0,True,0,1,24,False,True,224.06,224.14
485,redacted,2113543,ok,True,3763,55,55,3708,3708,0,True,0,1,24,False,True,223.94,224.01
486,redacted,2150554,ok,True,3909,55,55,3854,3854,0,True,0,1,24,False,True,224.29,224.37
487,redacted,2183596,ok,True,4019,55,55,3964,3964,0,True,0,1,24,False,True,224.13,224.18
488,redacted,2217570,ok,True,4180,55,55,4125,4125,0,True,0,1,24,False,True,224.05,224.11
489,redacted,2261244,ok,True,4280,55,55,4225,4225,0,True,0,1,24,False,True,224.22,224.28
490,redacted,2374902,ok,True,4646,55,55,4591,4591,0,True,0,1,24,False,True,224.01,224.08
491,redacted,2332392,ok,True,4602,55,55,4547,4547,0,True,0,1,24,False,True,224.05,224.11
492,redacted,2344245,ok,True,4660,55,55,4605,4605,0,True,0,1,24,False,True,224.11,224.18
493,redacted,2568166,ok,True,5156,55,55,5101,5101,0,True,0,1,24,False,True,224.07,224.21
494,redacted,2539625,ok,True,5087,55,55,5032,5032,0,True,0,1,24,False,True,224.06,224.10
495,redacted,2633720,ok,True,5372,55,55,5317,5317,0,True,0,1,24,False,True,224.07,224.16
496,redacted,2681483,ok,True,5517,55,55,5462,5462,0,True,0,1,24,False,True,223.68,223.79
497,redacted,2514443,ok,True,5040,55,55,4985,4985,0,True,0,1,24,False,True,224.07,224.15
498,redacted,2740697,ok,True,5944,55,55,5889,5889,0,True,0,1,24,False,True,223.98,224.08
499,redacted,2579172,ok,True,5583,55,55,5528,5528,0,True,0,1,24,False,True,224.14,224.21
500,redacted,2762914,ok,True,6074,55,55,6019,6019,0,True,0,1,24,False,True,223.98,224.12
501,redacted,2740346,ok,True,5904,55,55,5849,5849,0,True,0,1,24,False,True,223.89,223.86
502,redacted,3225887,ok,True,6997,55,55,6942,6942,0,True,0,1,24,False,True,223.97,224.09
503,redacted,2838121,ok,True,5757,55,55,5702,5702,0,True,0,1,24,False,True,224.19,224.25
504,redacted,3075899,ok,True,6327,55,55,6272,6272,0,True,0,1,24,False,True,224.33,224.36
505,redacted,2789723,ok,True,5534,55,55,5479,5479,0,True,0,1,24,False,True,224.21,224.26
506,redacted,3098789,ok,True,6489,55,55,6434,6434,0,True,0,1,24,False,True,223.72,223.83
507,redacted,2840481,ok,True,5994,55,55,5939,5939,0,True,0,25,0,False,True,225.05,225.03
508,redacted,3065522,ok,True,6690,55,55,6635,6635,0,True,0,1,24,False,True,223.95,224.02
509,redacted,2497593,ok,True,5796,60,60,5736,5736,0,True,0,1,24,False,True,223.94,224.02
510,redacted,2737002,ok,True,6693,55,55,6638,6638,0,True,0,1,24,False,True,224.29,224.39
511,redacted,2719841,ok,True,6635,55,55,6580,6580,0,True,0,1,24,False,True,224.14,224.21
512,redacted,2840447,ok,True,7065,55,55,7010,7010,0,True,0,1,24,False,True,223.93,224.03
513,redacted,2667023,ok,True,6715,55,55,6660,6660,0,True,0,1,24,False,True,223.98,224.06
514,redacted,2731887,ok,True,6941,55,55,6886,6886,0,True,0,1,24,False,True,223.86,223.94
515,redacted,2820594,ok,True,7329,55,55,7274,7274,0,True,0,1,24,False,True,224.33,224.43
516,redacted,2716628,ok,True,7049,55,55,6994,6994,0,True,0,1,24,False,True,224.19,224.23
517,redacted,2784791,ok,True,7109,55,55,7054,7054,0,True,0,1,24,False,True,224.42,224.51
518,redacted,3049400,ok,True,7857,55,55,7802,7802,0,True,0,1,24,False,True,223.91,224.04
519,redacted,2890443,ok,True,7355,55,55,7300,7300,0,True,0,5,20,False,True,224.62,224.66
520,redacted,3089564,ok,True,7839,55,55,7784,7784,0,True,0,1,24,False,True,224.41,224.44
521,redacted,2827459,ok,True,7088,55,55,7033,7033,0,True,0,5,20,False,True,224.51,224.58
522,redacted,3159123,ok,True,8122,59,59,8063,8063,0,True,0,1,24,False,True,224.22,224.25
523,redacted,2836267,ok,True,7392,55,55,7337,7337,0,True,0,1,24,False,True,224.13,224.20
524,redacted,3203530,ok,True,8405,55,55,8350,8350,0,True,0,1,24,False,True,224.32,224.36
525,redacted,2932312,ok,True,7539,55,55,7484,7484,0,True,0,5,20,False,True,224.48,224.52
526,redacted,3084798,ok,True,7974,55,55,7919,7919,0,True,0,1,24,False,True,224.46,224.50
527,redacted,3311761,ok,True,8578,55,55,8523,8523,0,True,0,1,24,False,True,224.42,224.49
528,redacted,2941494,ok,True,7415,55,55,7360,7360,0,True,0,5,20,False,True,224.63,224.67
529,redacted,3368875,ok,True,8645,55,55,8590,8590,0,True,0,5,20,False,True,224.52,224.56
530,redacted,3295552,ok,True,8500,55,55,8445,8445,0,True,0,5,20,False,True,224.50,224.57
531,redacted,3280798,ok,True,8698,55,55,8643,8643,0,True,0,9,16,False,True,224.68,224.70
532,redacted,2869257,ok,True,7550,55,55,7495,7495,0,True,0,1,24,False,True,224.50,224.49
533,redacted,3135103,ok,True,8186,55,55,8131,8131,0,True,0,1,24,False,True,224.37,224.49
534,redacted,3121486,ok,True,8314,55,55,8259,8259,0,True,0,1,24,False,True,224.45,224.52
535,redacted,3494581,ok,True,9182,55,55,9127,9127,0,True,0,9,16,False,True,224.89,224.94
536,redacted,3548715,ok,True,9177,55,55,9122,9122,0,True,0,25,0,False,True,225.07,225.10
537,redacted,3595708,ok,True,9203,55,55,9148,9148,0,True,0,5,20,False,True,224.56,224.60
538,redacted,3251498,ok,True,8269,55,55,8214,8214,0,True,0,25,0,False,True,224.97,225.00
539,redacted,3535395,ok,True,9348,55,55,9293,9293,0,True,0,25,0,False,True,224.99,225.03
540,redacted,3444743,ok,True,9085,55,55,9030,9030,0,True,0,5,20,False,True,224.62,224.65
541,redacted,3539913,ok,True,9074,55,55,9019,9019,0,True,0,9,16,False,True,224.79,224.81
542,redacted,4417380,ok,True,8741,55,55,8686,8686,0,True,0,5,20,False,True,224.63,224.62
543,redacted,5161933,ok,True,8800,55,55,8745,8745,0,True,0,5,20,False,True,224.56,224.61
544,redacted,4896026,ok,True,9146,55,55,9091,9091,0,True,0,5,20,False,True,224.54,224.57
545,redacted,4890615,ok,True,9198,55,55,9143,9143,0,True,0,5,20,False,True,224.53,224.59
546,redacted,4537786,ok,True,8306,55,55,8251,8251,0,True,0,9,16,False,True,224.88,224.94
547,redacted,4990445,ok,True,9631,55,55,9576,9576,0,True,0,9,16,False,True,224.85,224.92
548,redacted,4956631,ok,True,9679,55,55,9624,9624,0,True,0,25,0,False,True,224.91,224.97
549,redacted,4971955,ok,True,9612,55,55,9557,9557,0,True,0,5,20,False,True,224.52,224.57
550,redacted,4882907,ok,True,9446,55,55,9391,9391,0,True,0,5,20,False,True,224.50,224.58
551,redacted,4853002,ok,True,8954,55,55,8899,8899,0,True,0,9,16,False,True,224.92,224.93
552,redacted,5346802,ok,True,9041,55,55,8986,8986,0,True,0,9,16,False,True,224.80,224.79
553,redacted,5267585,ok,True,8751,55,55,8696,8696,0,True,0,5,20,False,True,224.59,224.64
554,redacted,5183146,ok,True,8625,55,55,8570,8570,0,True,0,9,16,False,True,224.78,224.83
555,redacted,4830580,ok,True,7882,55,55,7827,7827,0,True,0,1,24,False,True,224.32,224.38
556,redacted,5208743,ok,True,9084,55,55,9029,9029,0,True,0,1,24,False,True,223.92,224.00
557,redacted,4936067,ok,True,8197,55,55,8142,8142,0,True,0,1,24,False,True,223.93,224.01
558,redacted,5180960,ok,True,8919,55,55,8864,8864,0,True,0,1,24,False,True,224.17,224.26
559,redacted,5150766,ok,True,8901,55,55,8846,8846,0,True,0,9,16,False,True,224.84,224.90
560,redacted,5010247,ok,True,8842,55,55,8787,8787,0,True,0,25,0,False,True,224.98,224.99
561,redacted,4565855,ok,True,8654,55,55,8599,8599,0,True,1,0,24,True,True,224.49,224.49
562,redacted,4849716,ok,True,9690,55,55,9635,9635,0,True,0,1,24,False,True,224.44,224.50
563,redacted,4616621,ok,True,9151,55,55,9096,9096,0,True,0,9,16,False,True,224.72,224.77
564,redacted,4536575,ok,True,8893,55,55,8838,8838,0,True,0,5,20,False,True,224.55,224.57
565,redacted,4784305,ok,True,9462,55,55,9407,9407,0,True,0,9,16,False,True,224.63,224.67
566,redacted,4670081,ok,True,9183,55,55,9128,9128,0,True,0,9,16,False,True,224.66,224.71
567,redacted,3882311,ok,True,8939,55,55,8884,8884,0,True,0,9,16,False,True,224.65,224.71
568,redacted,3601054,ok,True,8895,55,55,8840,8840,0,True,0,5,20,False,True,224.64,224.66
569,redacted,3585601,ok,True,8822,55,55,8767,8767,0,True,0,9,16,False,True,224.87,224.93
570,redacted,3438939,ok,True,8407,55,55,8352,8352,0,True,0,5,20,True,True,224.67,224.67
571,redacted,3975130,ok,True,10027,55,55,9972,9972,0,True,0,9,16,False,True,224.65,224.68
572,redacted,3598859,ok,True,9010,55,55,8955,8955,0,True,0,9,16,True,True,224.73,224.73
573,redacted,3764548,ok,True,9523,55,55,9468,9468,0,True,0,5,20,False,True,224.52,224.56
574,redacted,3579847,ok,True,9332,55,55,9277,9277,0,True,0,5,20,False,True,224.61,224.64
575,redacted,3589773,ok,True,9518,55,55,9463,9463,0,True,0,9,16,False,True,224.70,224.73
576,redacted,3383151,ok,True,8890,55,55,8835,8835,0,True,0,5,20,False,True,224.53,224.57
577,redacted,3853902,ok,True,10212,55,55,10157,10157,0,True,0,5,20,False,True,224.59,224.63
578,redacted,3630457,ok,True,9561,55,55,9506,9506,0,True,0,9,16,False,True,224.68,224.71
579,redacted,3618069,ok,True,9520,55,55,9465,9465,0,True,0,9,16,False,True,224.67,224.69
580,redacted,3354369,ok,True,8812,55,55,8757,8757,0,True,0,5,20,False,True,224.60,224.63
581,redacted,3327795,ok,True,8614,55,55,8559,8559,0,True,0,9,16,False,True,224.65,224.72
582,redacted,3522831,ok,True,9230,55,55,9175,9175,0,True,0,1,24,False,True,224.14,224.15
583,redacted,3564410,ok,True,9055,55,55,9000,9000,0,True,0,1,24,False,True,224.02,224.03
584,redacted,3361592,ok,True,8218,55,55,8163,8163,0,True,0,1,24,True,True,223.99,223.99
585,redacted,3333283,ok,True,8076,55,55,8021,8021,0,True,0,1,24,False,True,223.97,223.98
586,redacted,3274873,ok,True,7981,55,55,7926,7926,0,True,0,1,24,True,True,223.97,223.97
587,redacted,3089900,ok,True,7499,55,55,7444,7444,0,True,0,1,24,False,True,224.00,224.01
588,redacted,2809407,ok,True,6535,55,55,6480,6480,0,True,0,1,24,False,True,224.02,224.03
589,redacted,3051171,ok,True,6865,55,55,6810,6810,0,True,0,1,24,False,True,224.05,224.06
590,redacted,3072271,ok,True,7064,55,55,7009,7009,0,True,0,1,24,False,True,224.15,224.16
591,redacted,3400602,ok,True,7936,55,55,7881,7881,0,True,0,1,24,False,True,224.07,224.08
592,redacted,3115572,ok,True,7410,55,55,7355,7355,0,True,0,1,24,False,True,224.24,224.25
593,redacted,3144367,ok,True,7500,55,55,7445,7445,0,True,0,1,24,False,True,224.13,224.14
594,redacted,2871906,ok,True,6740,55,55,6685,6685,0,True,0,1,24,False,True,224.32,224.33
595,redacted,2716787,ok,True,6536,55,55,6481,6481,0,True,0,1,24,False,True,224.26,224.27
596,redacted,2661786,ok,True,6622,55,55,6567,6567,0,True,0,1,24,False,True,224.13,224.14
597,redacted,2373778,ok,True,5614,55,55,5559,5559,0,True,0,1,24,False,True,224.05,224.06
598,redacted,2206125,ok,True,5141,55,55,5086,5086,0,True,0,1,24,True,True,224.12,224.12
599,redacted,2142261,ok,True,4964,55,55,4909,4909,0,True,0,1,24,False,True,224.05,224.06
600,redacted,2117330,ok,True,4852,55,55,4797,4797,0,True,0,1,24,False,True,224.11,224.12
601,redacted,2072547,ok,True,4786,55,55,4731,4731,0,True,0,1,24,False,True,224.08,224.09
602,redacted,2050995,ok,True,4797,55,55,4742,4742,0,True,0,1,24,False,True,223.94,223.96
603,redacted,1988880,ok,True,4645,55,55,4590,4590,0,True,0,1,24,False,True,224.06,224.07
604,redacted,2303501,ok,True,5464,55,55,5409,5409,0,True,0,1,24,True,True,224.09,224.09
605,redacted,2550957,ok,True,5909,55,55,5854,5854,0,True,0,1,24,True,True,224.02,224.02
606,redacted,2462397,ok,True,5706,55,55,5651,5651,0,True,0,1,24,True,True,224.06,224.06
607,redacted,2116623,ok,True,4677,55,55,4622,4622,0,True,0,1,24,False,True,224.26,224.28
608,redacted,2012140,ok,True,4507,55,55,4452,4452,0,True,0,1,24,False,True,224.26,224.27
609,redacted,2192742,ok,True,4962,55,55,4907,4907,0,True,0,1,24,False,True,223.35,223.37
610,redacted,1803175,ok,True,3853,55,55,3798,3798,0,True,0,1,24,False,True,224.21,224.22
611,redacted,2012189,ok,True,4499,55,55,4444,4444,0,True,0,1,24,False,True,224.15,224.17
612,redacted,1823183,ok,True,4101,55,55,4046,4046,0,True,0,1,24,False,True,224.18,224.19
613,redacted,1896404,ok,True,4507,363,363,4144,4144,0,True,0,1,24,False,True,224.12,224.21
614,redacted,1756196,ok,True,4155,396,396,3759,3759,0,True,0,1,24,False,True,224.33,224.41
615,redacted,1950303,ok,True,4767,409,409,4358,4358,0,True,0,1,24,False,True,224.39,224.48
616,redacted,1976203,ok,True,5180,412,412,4768,4768,0,True,0,9,16,False,True,224.62,224.70
617,redacted,1192087,ok,True,3118,405,405,2713,2713,0,True,0,9,16,False,True,224.68,224.85
618,redacted,1183105,ok,True,3129,401,401,2728,2728,0,True,0,5,20,False,True,224.45,224.65
619,redacted,1216309,ok,True,3308,413,413,2895,2895,0,True,0,1,24,False,True,224.08,224.43
620,redacted,2223669,ok,True,3217,418,418,2799,2799,0,True,0,1,24,False,True,224.13,224.44
621,redacted,3943561,ok,True,3237,451,451,2786,2786,0,True,0,1,24,False,True,224.20,224.48
622,redacted,3758901,ok,True,2754,334,334,2420,2420,0,True,0,5,20,False,True,224.31,224.56
623,redacted,3816492,ok,True,3064,436,436,2628,2628,0,True,0,5,20,False,True,224.35,224.56
624,redacted,3702553,ok,True,3135,373,373,2762,2762,0,True,0,5,20,False,True,224.44,224.60
625,redacted,3305105,ok,True,2776,412,412,2364,2364,0,True,0,1,24,False,True,224.13,224.47
626,redacted,3472290,ok,True,2971,388,388,2583,2583,0,True,0,5,20,False,True,224.34,224.67
627,redacted,3355374,ok,True,2842,438,438,2404,2404,0,True,0,5,20,False,True,224.31,224.62
628,redacted,3312636,ok,True,2804,382,382,2422,2422,0,True,0,9,16,False,True,224.56,224.80
629,redacted,3247889,ok,True,2609,403,403,2206,2206,0,True,0,9,16,False,True,224.47,224.80
630,redacted,3211272,ok,True,2716,449,449,2267,2267,0,True,0,5,20,False,True,224.14,224.56
631,redacted,3426245,ok,True,3513,474,474,3039,3039,0,True,0,1,24,False,True,224.13,224.45
632,redacted,4073987,ok,True,5227,372,372,4855,4855,0,True,0,1,24,False,True,224.24,224.34
633,redacted,3272487,ok,True,3039,437,437,2602,2602,0,True,0,1,24,False,True,224.15,224.40
634,redacted,3107440,ok,True,2706,407,407,2299,2299,0,True,0,7,18,False,True,224.16,224.58
635,redacted,3108478,ok,True,2771,300,300,2471,2471,0,True,0,9,16,False,True,224.45,224.70
636,redacted,3226173,ok,True,3253,530,530,2723,2723,0,True,0,5,20,False,True,224.07,224.47
637,redacted,3125225,ok,True,2894,337,337,2557,2557,0,True,0,7,18,False,True,224.27,224.60
638,redacted,3395025,ok,True,3448,359,359,3089,3089,0,True,0,5,20,False,True,224.07,224.36
639,redacted,3381571,ok,True,3298,519,519,2779,2779,0,True,0,5,20,False,True,223.82,224.25
640,redacted,3482380,ok,True,3465,422,422,3043,3043,0,True,0,5,20,False,True,224.15,224.49
641,redacted,3447932,ok,True,2888,344,344,2544,2544,0,True,0,9,16,False,True,224.51,224.73
642,redacted,3370543,ok,True,2953,477,477,2476,2476,0,True,0,5,20,False,True,223.98,224.41
643,redacted,3173243,ok,True,3103,299,299,2804,2804,0,True,0,7,18,False,True,224.23,224.54
644,redacted,3218632,ok,True,3346,519,519,2827,2827,0,True,0,5,20,False,True,224.02,224.45
645,redacted,3147342,ok,True,2955,399,399,2556,2556,0,True,0,5,20,False,True,223.77,224.32
646,redacted,3208126,ok,True,2836,316,316,2520,2520,0,True,0,7,18,False,True,224.35,224.66
647,redacted,3336908,ok,True,3310,495,495,2815,2815,0,True,0,9,16,False,True,224.40,224.75
648,redacted,3356826,ok,True,3294,326,326,2968,2968,0,True,0,9,16,False,True,224.43,224.69
649,redacted,3450344,ok,True,3749,423,423,3326,3326,0,True,0,5,20,False,True,224.00,224.39
650,redacted,3260771,ok,True,3285,503,503,2782,2782,0,True,0,7,18,False,True,224.14,224.56
651,redacted,3004986,ok,True,3090,391,391,2699,2699,0,True,0,9,16,False,True,224.51,224.78
652,redacted,2751925,ok,True,3019,427,427,2592,2592,0,True,0,7,18,False,True,224.28,224.65
653,redacted,2833842,ok,True,3390,416,416,2974,2974,0,True,0,9,16,False,True,224.55,224.83
654,redacted,2918874,ok,True,3559,365,365,3194,3194,0,True,0,25,0,False,True,224.87,225.02
655,redacted,2659905,ok,True,3434,457,457,2977,2977,0,True,0,9,16,False,True,224.45,224.79
656,redacted,1624558,ok,True,3216,394,394,2822,2822,0,True,0,9,16,False,True,224.61,224.88
657,redacted,1572762,ok,True,3209,340,340,2869,2869,0,True,0,9,16,False,True,224.37,224.69
658,redacted,1675617,ok,True,3458,485,485,2973,2973,0,True,0,25,0,False,True,224.81,225.03
659,redacted,1683149,ok,True,3334,157,157,3177,3177,0,True,0,9,16,False,True,224.40,224.68
660,redacted,1825285,ok,True,3766,55,55,3711,3711,0,True,0,5,20,False,True,224.43,224.48
661,redacted,1614776,ok,True,3140,55,55,3085,3085,0,True,0,9,16,False,True,224.65,224.70
662,redacted,1477481,ok,True,2916,55,55,2861,2861,0,True,0,9,16,False,True,224.72,224.77
663,redacted,1899065,ok,True,4114,55,55,4059,4059,0,True,0,5,20,False,True,222.64,222.69
664,redacted,1935830,ok,True,4248,55,55,4193,4193,0,True,0,5,20,False,True,222.39,222.45
665,redacted,1994440,ok,True,4382,55,55,4327,4327,0,True,0,5,20,False,True,222.54,222.58
666,redacted,1946090,ok,True,4403,55,55,4348,4348,0,True,0,5,20,False,True,222.42,222.47
667,redacted,2001087,ok,True,4434,55,55,4379,4379,0,True,0,5,20,False,True,222.70,222.74
668,redacted,1937101,ok,True,4274,55,55,4219,4219,0,True,0,5,20,False,True,222.79,222.84
669,redacted,1958964,ok,True,4453,55,55,4398,4398,0,True,0,5,20,False,True,222.60,222.64
670,redacted,1997914,ok,True,4590,55,55,4535,4535,0,True,0,5,20,False,True,222.73,222.76
671,redacted,1823779,ok,True,4188,55,55,4133,4133,0,True,0,13,12,False,True,222.98,223.01
672,redacted,1871390,ok,True,4318,55,55,4263,4263,0,True,0,13,12,False,True,222.87,222.91
673,redacted,1598569,ok,True,3482,55,55,3427,3427,0,True,0,15,10,False,True,224.60,224.64
674,redacted,1627208,ok,True,3449,55,55,3394,3394,0,True,0,17,8,False,True,224.69,224.72
675,redacted,2037944,ok,True,4489,55,55,4434,4434,0,True,0,25,0,False,True,225.09,225.11
676,redacted,1998274,ok,True,4557,55,55,4502,4502,0,True,0,25,0,False,True,224.84,224.85
677,redacted,2073459,ok,True,4645,55,55,4590,4590,0,True,0,25,0,False,True,224.91,224.93
678,redacted,2191784,ok,True,4768,55,55,4713,4713,0,True,0,25,0,False,True,225.00,225.01
679,redacted,2456200,ok,True,5534,55,55,5479,5479,0,True,0,25,0,False,True,224.94,224.95
680,redacted,2437845,ok,True,5493,55,55,5438,5438,0,True,0,25,0,False,True,224.93,224.94
681,redacted,2143410,ok,True,4629,55,55,4574,4574,0,True,0,25,0,False,True,224.93,224.94
682,redacted,1614766,ok,True,3346,55,55,3291,3291,0,True,0,25,0,False,True,224.36,224.37
683,redacted,1716223,ok,True,3649,55,55,3594,3594,0,True,0,25,0,False,True,224.51,224.55
684,redacted,1728366,ok,True,3700,55,55,3645,3645,0,True,0,25,0,False,True,224.40,224.41
685,redacted,1734352,ok,True,3671,55,55,3616,3616,0,True,0,25,0,False,True,224.42,224.46
686,redacted,1765818,ok,True,3800,55,55,3745,3745,0,True,0,25,0,False,True,224.07,224.10
687,redacted,1717350,ok,True,3748,55,55,3693,3693,0,True,0,25,0,False,True,224.31,224.32
688,redacted,1701788,ok,True,3721,55,55,3666,3666,0,True,0,25,0,False,True,224.28,224.31
689,redacted,1731440,ok,True,3675,55,55,3620,3620,0,True,0,25,0,False,True,224.53,224.57
690,redacted,1660880,ok,True,3460,55,55,3405,3405,0,True,0,25,0,False,True,224.24,224.27
691,redacted,1793149,ok,True,3861,55,55,3806,3806,0,True,0,25,0,False,True,224.30,224.32
692,redacted,1762069,ok,True,3781,55,55,3726,3726,0,True,0,25,0,False,True,224.46,224.47
693,redacted,1583390,ok,True,3544,55,55,3489,3489,0,True,0,25,0,False,True,224.27,224.28
694,redacted,1647665,ok,True,3766,55,55,3711,3711,0,True,0,25,0,False,True,224.13,224.14
695,redacted,1696322,ok,True,3990,55,55,3935,3935,0,True,0,25,0,False,True,224.21,224.24
696,redacted,1900766,ok,True,4454,55,55,4399,4399,0,True,0,25,0,False,True,224.37,224.38
697,redacted,2738863,ok,True,4196,59,59,4137,4137,0,True,0,25,0,False,True,223.85,223.81
698,redacted,2846538,ok,True,4367,55,55,4312,4312,0,True,0,25,0,False,True,223.80,223.79
699,redacted,2764725,ok,True,4138,55,55,4083,4083,0,True,0,25,0,False,True,223.71,223.70
700,redacted,3114314,ok,True,4959,55,55,4904,4904,0,True,0,25,0,False,True,223.56,223.58
701,redacted,3009407,ok,True,4691,55,55,4636,4636,0,True,0,25,0,False,True,224.21,224.23
702,redacted,2979535,ok,True,4694,55,55,4639,4639,0,True,0,25,0,False,True,223.92,223.94
703,redacted,3027725,ok,True,4908,55,55,4853,4853,0,True,0,25,0,False,True,223.89,223.90
704,redacted,3984350,ok,True,4200,55,55,4145,4145,0,True,0,25,0,False,True,223.75,223.77
705,redacted,10987586,ok,True,4598,55,55,4543,4543,0,True,0,25,0,True,True,223.85,223.85
706,redacted,5333960,ok,True,4933,55,55,4878,4878,0,True,0,25,0,False,True,224.05,224.07
707,redacted,5272186,ok,True,4708,55,55,4653,4653,0,True,0,25,0,True,True,223.75,223.75
708,redacted,5267231,ok,True,4700,55,55,4645,4645,0,True,0,25,0,False,True,223.87,223.88
709,redacted,5366069,ok,True,4900,55,55,4845,4845,0,True,0,25,0,False,True,223.74,223.75
710,redacted,5226080,ok,True,4528,55,55,4473,4473,0,True,0,25,0,False,True,223.76,223.78
711,redacted,5173124,ok,True,4456,55,55,4401,4401,0,True,0,25,0,False,True,223.75,223.77
712,redacted,5062008,ok,True,4198,55,55,4143,4143,0,True,0,25,0,True,True,223.41,223.41
713,redacted,5317780,ok,True,4933,55,55,4878,4878,0,True,0,25,0,False,True,223.73,223.75
714,redacted,5453924,ok,True,5230,55,55,5175,5175,0,True,0,25,0,False,True,223.62,223.61
715,redacted,5302030,ok,True,4820,55,55,4765,4765,0,True,0,25,0,False,True,223.75,223.77
716,redacted,5147371,ok,True,4413,55,55,4358,4358,0,True,0,25,0,False,True,223.67,223.70
717,redacted,9639428,ok,True,16785,55,55,16730,16730,0,True,2,23,0,True,False,224.30,224.30
718,redacted,4769112,ok,True,4375,55,55,4320,4320,0,True,0,25,0,False,True,223.78,223.80
719,redacted,4820085,ok,True,4528,55,55,4473,4473,0,True,0,25,0,False,True,223.79,223.82
720,redacted,5007224,ok,True,5063,55,55,5008,5008,0,True,0,25,0,False,True,223.92,223.94
721,redacted,4898999,ok,True,4664,55,55,4609,4609,0,True,0,25,0,False,True,224.00,224.03
722,redacted,4979922,ok,True,4802,55,55,4747,4747,0,True,0,25,0,False,True,224.46,224.48
723,redacted,4711994,ok,True,4239,55,55,4184,4184,0,True,0,25,0,False,True,224.65,224.68
724,redacted,4713951,ok,True,4261,55,55,4206,4206,0,True,0,25,0,False,True,224.76,224.77
725,redacted,4888711,ok,True,4900,71,71,4829,4829,0,True,0,25,0,False,True,224.92,224.96
726,redacted,4697849,ok,True,4351,55,55,4296,4296,0,True,0,25,0,True,True,224.86,224.86
727,redacted,4762574,ok,True,4742,55,55,4687,4687,0,True,0,25,0,False,True,224.48,224.47
728,redacted,4634992,ok,True,4424,55,55,4369,4369,0,True,0,25,0,False,True,224.61,224.60
729,redacted,4782683,ok,True,4994,55,55,4939,4939,0,True,0,25,0,False,True,224.46,224.47
730,redacted,4944208,ok,True,5766,55,55,5711,5711,0,True,0,25,0,True,True,224.35,224.35
731,redacted,4711343,ok,True,5198,55,55,5143,5143,0,True,0,25,0,False,True,224.38,224.39
732,redacted,3947020,ok,True,4542,55,55,4487,4487,0,True,0,25,0,False,True,224.06,224.04
733,redacted,3927951,ok,True,4705,56,56,4649,4649,0,True,0,25,0,False,True,224.21,224.24
734,redacted,3828678,ok,True,4527,55,55,4472,4472,0,True,0,25,0,False,True,224.06,224.05
735,redacted,4069584,ok,True,5230,55,55,5175,5175,0,True,0,25,0,False,True,224.10,224.08
736,redacted,3883047,ok,True,4722,61,61,4661,4661,0,True,0,25,0,True,True,223.86,223.86
737,redacted,3872423,ok,True,4701,55,55,4646,4646,0,True,0,25,0,True,True,223.87,223.87
738,redacted,4451953,ok,True,6306,55,55,6251,6251,0,True,0,25,0,False,True,224.14,224.15
739,redacted,3117261,ok,True,5052,59,59,4993,4993,0,True,0,25,0,False,True,224.21,224.23
740,redacted,2065324,ok,True,5096,55,55,5041,5041,0,True,0,25,0,False,True,224.05,224.06
741,redacted,2006362,ok,True,5022,55,55,4967,4967,0,True,0,25,0,False,True,223.65,223.62
742,redacted,1754065,ok,True,4369,55,55,4314,4314,0,True,0,25,0,True,True,223.62,223.62
743,redacted,1906210,ok,True,4841,55,55,4786,4786,0,True,0,25,0,True,True,223.61,223.61
744,redacted,2200909,ok,True,5618,55,55,5563,5563,0,True,0,25,0,False,True,223.75,223.77
745,redacted,2459713,ok,True,6208,55,55,6153,6153,0,True,0,25,0,False,True,223.11,223.13
746,redacted,2433624,ok,True,5548,55,55,5493,5493,0,True,0,25,0,False,True,223.75,223.78
747,redacted,4691899,ok,True,4359,55,55,4304,4304,0,True,0,25,0,False,True,223.57,223.58
748,redacted,5055419,ok,True,4265,55,55,4210,4210,0,True,0,25,0,False,True,223.42,223.44
749,redacted,5308627,ok,True,5010,55,55,4955,4955,0,True,0,25,0,True,True,223.64,223.64
750,redacted,6009582,ok,True,6908,55,55,6853,6853,0,True,0,25,0,False,True,223.07,223.08
751,redacted,5796152,ok,True,6394,62,62,6332,6332,0,True,0,25,0,False,True,223.59,223.58
752,redacted,5648117,ok,True,6144,55,55,6089,6089,0,True,0,25,0,True,True,223.02,223.02
753,redacted,5435012,ok,True,5548,55,55,5493,5493,0,True,0,25,0,False,True,223.67,223.68
754,redacted,5941984,ok,True,6945,55,55,6890,6890,0,True,0,25,0,False,True,223.16,223.18
755,redacted,5685463,ok,True,6228,55,55,6173,6173,0,True,18,7,0,True,False,223.66,223.66
756,redacted,5605174,ok,True,6076,55,55,6021,6021,0,True,0,25,0,True,True,222.47,222.47
757,redacted,5337626,ok,True,5403,55,55,5348,5348,0,True,0,25,0,False,True,223.62,223.63
758,redacted,5687362,ok,True,6430,55,55,6375,6375,0,True,0,25,0,True,True,222.89,222.89
759,redacted,5500715,ok,True,5674,61,61,5613,5613,0,True,0,25,0,True,True,223.21,223.21
760,redacted,6036049,ok,True,7077,55,55,7022,7022,0,True,0,25,0,False,True,222.94,222.95
761,redacted,5766682,ok,True,6389,55,55,6334,6334,0,True,0,25,0,False,True,223.49,223.50
762,redacted,5764535,ok,True,6620,55,55,6565,6565,0,True,0,25,0,False,True,222.92,222.93
763,redacted,5862765,ok,True,6549,55,55,6494,6494,0,True,0,25,0,False,True,223.46,223.47
764,redacted,6171381,ok,True,7434,55,55,7379,7379,0,True,0,25,0,False,True,223.04,223.05
765,redacted,5804954,ok,True,6336,55,55,6281,6281,0,True,0,25,0,False,True,223.67,223.68
766,redacted,6156348,ok,True,7451,61,61,7390,7390,0,True,0,25,0,False,True,223.12,223.13
767,redacted,5034285,ok,True,5954,55,55,5899,5899,0,True,0,25,0,True,True,223.54,223.54
768,redacted,4842297,ok,True,5698,55,55,5643,5643,0,True,0,25,0,False,True,222.81,222.80
769,redacted,5171511,ok,True,6582,55,55,6527,6527,0,True,0,25,0,False,True,223.34,223.35
770,redacted,5250530,ok,True,6833,61,61,6772,6772,0,True,0,25,0,False,True,223.38,223.39
771,redacted,5258200,ok,True,7051,69,69,6982,6981,1,True,0,25,0,False,True,223.70,223.71
772,redacted,3696098,ok,True,5617,61,61,5556,5556,0,True,0,25,0,False,True,223.53,223.54
773,redacted,3500219,ok,True,5447,55,55,5392,5392,0,True,0,25,0,False,True,223.32,223.34
774,redacted,3444937,ok,True,5331,55,55,5276,5276,0,True,0,25,0,False,True,223.14,223.15
775,redacted,3465537,ok,True,5369,61,61,5308,5308,0,True,0,25,0,False,True,223.25,223.26
776,redacted,3304767,ok,True,4976,61,61,4915,4915,0,True,0,25,0,False,True,223.10,223.11
777,redacted,2577445,ok,True,5251,55,55,5196,5196,0,True,0,25,0,True,True,222.98,222.98
778,redacted,2513352,ok,True,5762,78,78,5684,5684,0,True,0,25,0,True,True,223.14,223.14
779,redacted,2901706,ok,True,6685,61,61,6624,6624,0,True,0,25,0,False,True,223.52,223.53
780,redacted,2838537,ok,True,6498,55,55,6443,6443,0,True,0,25,0,False,True,223.71,223.72
781,redacted,2551833,ok,True,5603,61,61,5542,5542,0,True,0,25,0,False,True,223.28,223.30
782,redacted,2381807,ok,True,5701,55,55,5646,5646,0,True,0,25,0,False,True,223.36,223.37
783,redacted,2011695,ok,True,5083,143,143,4940,4940,0,True,0,25,0,False,True,223.19,223.20
784,redacted,2091776,ok,True,5616,488,488,5128,5128,0,True,0,25,0,False,True,223.24,223.25
785,redacted,2283160,ok,True,5903,391,391,5512,5512,0,True,0,25,0,False,True,223.06,223.07
786,redacted,2258821,ok,True,5119,61,61,5058,5058,0,True,0,25,0,False,True,223.04,223.06
787,redacted,2357752,ok,True,5208,55,55,5153,5153,0,True,0,25,0,False,True,223.12,223.14
788,redacted,2237577,ok,True,4834,61,61,4773,4773,0,True,0,25,0,False,True,223.05,223.06
789,redacted,2452595,ok,True,5610,258,258,5352,5352,0,True,0,25,0,False,True,223.42,223.44
790,redacted,2650343,ok,True,6422,471,471,5951,5951,0,True,0,25,0,True,True,223.35,223.35
791,redacted,2504901,ok,True,6087,417,417,5670,5670,0,True,0,25,0,True,True,223.06,223.06
792,redacted,2978243,ok,True,7141,61,61,7080,7080,0,True,0,25,0,False,True,223.30,223.31
793,redacted,2703185,ok,True,6165,123,123,6042,6042,0,True,0,25,0,False,True,223.42,223.38
794,redacted,3157255,ok,True,7715,585,585,7130,7130,0,True,0,25,0,False,True,223.45,223.16
795,redacted,2815040,ok,True,6856,575,575,6281,6281,0,True,0,25,0,False,True,223.22,222.89
796,redacted,2796500,ok,True,6756,578,578,6178,6178,0,True,0,25,0,False,True,222.73,222.71
797,redacted,3425876,ok,True,8744,570,570,8174,8174,0,True,0,25,0,False,True,221.41,221.42
798,redacted,3188187,ok,True,8119,489,489,7630,7630,0,True,0,25,0,False,True,221.30,221.31
799,redacted,3167782,ok,True,7765,76,76,7689,7689,0,True,0,25,0,False,True,221.25,221.26
800,redacted,3167798,ok,True,8254,639,639,7615,7615,0,True,0,25,0,False,True,221.33,221.35
801,redacted,3412362,ok,True,8635,431,431,8204,8204,0,True,0,25,0,True,True,221.30,221.30
802,redacted,3275184,ok,True,7947,95,95,7852,7852,0,True,0,25,0,False,True,221.41,221.42
803,redacted,3247284,ok,True,7773,87,87,7686,7686,0,True,0,25,0,False,True,221.11,221.12
804,redacted,3446711,ok,True,8265,91,91,8174,8174,0,True,0,25,0,False,True,221.46,221.47
805,redacted,3415093,ok,True,8403,385,385,8018,8018,0,True,0,25,0,True,True,221.10,221.10
806,redacted,2972497,ok,True,7919,557,557,7362,7362,0,True,0,25,0,False,True,220.70,220.72
807,redacted,3167295,ok,True,8442,238,238,8204,8204,0,True,0,25,0,True,True,221.12,221.12
808,redacted,3149861,ok,True,8004,162,162,7842,7842,0,True,0,25,0,True,True,221.09,221.09
809,redacted,3260600,ok,True,9241,972,972,8269,8269,0,True,0,25,0,False,True,221.11,220.95
810,redacted,3375013,ok,True,9142,647,647,8495,8495,0,True,0,25,0,False,True,221.09,220.99
811,redacted,3316131,ok,True,8393,93,93,8300,8300,0,True,0,25,0,False,True,221.15,221.16
812,redacted,3311030,ok,True,9111,902,902,8209,8209,0,True,0,25,0,False,True,221.13,220.98
813,redacted,3258113,ok,True,8277,92,92,8185,8185,0,True,0,25,0,False,True,220.97,220.98
814,redacted,3271239,ok,True,8258,92,92,8166,8166,0,True,0,25,0,False,True,221.14,221.15
815,redacted,3065620,ok,True,7898,92,92,7806,7806,0,True,0,25,0,False,True,221.10,221.12
816,redacted,2603664,ok,True,6435,98,98,6337,6337,0,True,0,25,0,True,True,222.52,222.52
817,redacted,3278634,ok,True,8296,92,92,8204,8204,0,True,0,25,0,False,True,221.15,221.16
818,redacted,3881813,ok,True,9644,99,99,9545,9545,0,True,0,25,0,False,True,221.90,221.89
819,redacted,4418630,ok,True,11626,92,92,11534,11534,0,True,0,25,0,False,True,221.44,221.45
820,redacted,3964112,ok,True,10069,96,96,9973,9973,0,True,0,25,0,True,True,221.00,221.00
821,redacted,3627153,ok,True,9300,93,93,9207,9207,0,True,0,25,0,True,True,220.60,220.60
822,redacted,3334281,ok,True,8638,97,97,8541,8541,0,True,0,25,0,False,True,221.08,221.10
823,redacted,3079292,ok,True,7940,96,96,7844,7844,0,True,0,25,0,True,True,221.03,221.03
824,redacted,3228097,ok,True,8463,107,107,8356,8356,0,True,0,25,0,True,True,221.22,221.22
825,redacted,3466474,ok,True,9154,93,93,9061,9061,0,True,0,25,0,False,True,220.57,220.58
826,redacted,2970515,ok,True,7704,97,97,7607,7607,0,True,0,25,0,False,True,221.10,221.11
827,redacted,2719925,ok,True,6641,90,90,6551,6551,0,True,0,25,0,False,True,222.23,222.24
828,redacted,2683331,ok,True,6783,96,96,6687,6687,0,True,0,25,0,False,True,222.29,222.30
829,redacted,2748094,ok,True,6451,55,55,6396,6396,0,True,0,25,0,False,True,223.06,223.08
830,redacted,2280002,ok,True,5196,61,61,5135,5135,0,True,0,25,0,False,True,223.29,223.31
831,redacted,2062266,ok,True,4748,55,55,4693,4693,0,True,0,25,0,False,True,223.32,223.31
832,redacted,2131178,ok,True,4748,61,61,4687,4687,0,True,0,25,0,False,True,223.53,223.56
833,redacted,2074417,ok,True,4604,70,70,4534,4534,0,True,0,22,3,False,True,222.61,222.70
834,redacted,2136006,ok,True,5128,61,61,5067,5067,0,True,0,25,0,False,True,224.28,224.30
835,redacted,1979518,ok,True,4469,55,55,4414,4414,0,True,0,25,0,False,True,224.11,224.04
836,redacted,2071228,ok,True,4719,61,61,4658,4658,0,True,0,25,0,False,True,223.70,223.72
837,redacted,2077528,ok,True,4947,55,55,4892,4892,0,True,0,25,0,False,True,223.68,223.70
838,redacted,2101117,ok,True,4610,55,55,4555,4555,0,True,0,25,0,False,True,223.85,223.88
839,redacted,1676295,ok,True,3828,63,63,3765,3765,0,True,0,25,0,False,True,223.61,223.63
840,redacted,1710670,ok,True,4286,55,55,4231,4231,0,True,0,25,0,False,True,223.45,223.46
841,redacted,1777907,ok,True,4150,61,61,4089,4089,0,True,0,25,0,False,True,223.87,223.90
842,redacted,1967974,ok,True,4681,55,55,4626,4626,0,True,0,25,0,False,True,223.72,223.70
843,redacted,1912879,ok,True,4658,61,61,4597,4597,0,True,0,25,0,False,True,223.52,223.53
844,redacted,1967131,ok,True,4588,55,55,4533,4533,0,True,0,25,0,False,True,223.60,223.63
845,redacted,2069573,ok,True,5016,61,61,4955,4955,0,True,0,25,0,False,True,222.54,222.56
846,redacted,1843074,ok,True,4523,61,61,4462,4462,0,True,0,25,0,False,True,223.42,223.43
847,redacted,1966656,ok,True,4769,55,55,4714,4714,0,True,0,25,0,False,True,223.48,223.49
848,redacted,1917882,ok,True,4592,61,61,4531,4531,0,True,0,25,0,True,True,223.42,223.42
849,redacted,1972357,ok,True,4768,55,55,4713,4713,0,True,0,25,0,False,True,223.60,223.62
850,redacted,1895661,ok,True,4441,61,61,4380,4380,0,True,0,25,0,False,True,223.72,223.75
851,redacted,1949842,ok,True,4590,55,55,4535,4535,0,True,0,25,0,False,True,223.80,223.83
852,redacted,1854543,ok,True,4450,60,60,4390,4390,0,True,0,25,0,False,True,223.87,223.88
853,redacted,2872495,ok,True,7466,109,109,7357,7357,0,True,0,25,0,False,True,227.43,227.42
854,redacted,3576226,ok,True,9386,115,115,9271,9271,0,True,0,25,0,False,True,229.14,229.15
855,redacted,3414651,ok,True,8701,98,98,8603,8603,0,True,0,25,0,False,True,229.25,229.21
856,redacted,2597516,ok,True,6179,66,66,6113,6113,0,True,0,25,0,False,True,228.59,228.54
857,redacted,2407649,ok,True,5755,56,56,5699,5699,0,True,0,25,0,False,True,227.97,227.92
858,redacted,2236537,ok,True,5207,60,60,5147,5147,0,True,0,24,1,False,True,227.19,227.20
859,redacted,2448448,ok,True,5647,56,56,5591,5591,0,True,0,24,1,False,True,226.98,226.97
860,redacted,2588953,ok,True,5731,55,55,5676,5676,0,True,0,24,1,False,True,225.26,225.28
861,redacted,2492990,ok,True,5640,60,60,5580,5580,0,True,0,24,1,True,True,226.16,226.16
862,redacted,2340309,ok,True,4963,56,56,4907,4907,0,True,0,24,1,False,True,226.38,226.42
863,redacted,2505864,ok,True,5830,60,60,5770,5770,0,True,0,24,1,True,True,226.16,226.16
864,redacted,2238158,ok,True,4901,56,56,4845,4845,0,True,0,24,1,False,True,226.60,226.63
865,redacted,2350451,ok,True,5302,60,60,5242,5242,0,True,8,16,1,True,False,226.37,226.37
866,redacted,2287312,ok,True,5016,56,56,4960,4960,0,True,0,24,1,False,True,226.79,226.81
867,redacted,2779757,ok,True,6420,60,60,6360,6360,0,True,0,25,0,False,True,227.78,227.80
868,redacted,2863376,ok,True,6768,111,111,6657,6657,0,True,0,25,0,False,True,228.66,228.69
869,redacted,3086649,ok,True,7793,97,97,7696,7696,0,True,0,25,0,False,True,229.74,229.75
870,redacted,3054829,ok,True,7310,102,102,7208,7208,0,True,0,25,0,False,True,229.37,229.35
871,redacted,3356694,ok,True,8145,105,105,8040,8040,0,True,0,25,0,False,True,229.49,229.51
872,redacted,3580657,ok,True,9033,104,104,8929,8929,0,True,0,25,0,True,True,229.84,229.84
873,redacted,4386807,ok,True,11026,95,95,10931,10931,0,True,0,25,0,False,True,228.81,228.80
874,redacted,3848047,ok,True,9309,101,101,9208,9208,0,True,0,25,0,False,True,228.01,228.02
875,redacted,4531686,ok,True,11476,101,101,11375,11375,0,True,0,25,0,False,True,229.24,229.25
876,redacted,4237161,ok,True,10435,111,111,10324,10324,0,True,2,23,0,True,False,228.66,228.66
877,redacted,4679227,ok,True,11545,55,55,11490,11490,0,True,0,25,0,False,True,229.11,229.09
878,redacted,3578010,ok,True,8602,55,55,8547,8547,0,True,0,25,0,False,True,227.77,227.79
879,redacted,3953703,ok,True,9642,102,102,9540,9540,0,True,0,25,0,False,True,228.26,228.27
880,redacted,4263973,ok,True,10878,97,97,10781,10781,0,True,0,25,0,False,True,229.51,229.50
881,redacted,4209943,ok,True,10218,102,102,10116,10116,0,True,0,25,0,True,True,229.16,229.16
882,redacted,3587377,ok,True,8659,181,181,8478,8478,0,True,0,25,0,False,True,228.85,228.86
883,redacted,4271232,ok,True,10750,188,188,10562,10562,0,True,0,25,0,False,True,231.21,231.22
884,redacted,4760445,ok,True,12717,961,961,11756,11756,0,True,0,25,0,False,True,231.67,231.82
885,redacted,4716061,ok,True,12506,907,907,11599,11599,0,True,0,25,0,False,True,232.39,232.20
886,redacted,5119977,ok,True,13129,181,181,12948,12948,0,True,0,25,0,False,True,232.17,232.18
887,redacted,4715543,ok,True,12799,957,957,11842,11842,0,True,0,25,0,False,True,232.16,232.07
888,redacted,4864165,ok,True,12388,778,778,11610,11610,0,True,0,25,0,False,True,231.75,231.80
889,redacted,4238969,ok,True,10206,236,236,9970,9970,0,True,0,25,0,True,True,231.56,231.56
890,redacted,4388030,ok,True,11360,866,866,10494,10494,0,True,0,25,0,False,True,230.87,231.03
891,redacted,4574498,ok,True,11602,568,568,11034,11034,0,True,0,25,0,False,True,231.19,231.14
892,redacted,4451127,ok,True,11010,314,314,10696,10696,0,True,0,25,0,False,True,230.74,230.69
893,redacted,4287367,ok,True,11108,909,909,10199,10199,0,True,0,25,0,False,True,229.63,229.61
894,redacted,4384399,ok,True,11356,453,453,10903,10903,0,True,0,25,0,False,True,230.90,230.79
895,redacted,4226021,ok,True,10669,202,202,10467,10467,0,True,0,25,0,False,True,230.69,230.68
896,redacted,4224226,ok,True,10601,57,57,10544,10544,0,True,0,25,0,False,True,230.93,230.91
897,redacted,4173249,ok,True,10364,58,58,10306,10306,0,True,0,25,0,False,True,230.06,230.02
898,redacted,4371661,ok,True,10933,62,62,10871,10871,0,True,0,25,0,False,True,228.41,228.36
899,redacted,4017349,ok,True,10056,60,60,9996,9996,0,True,0,25,0,False,True,228.00,228.01
900,redacted,3491857,ok,True,8505,56,56,8449,8449,0,True,0,25,0,False,True,228.06,228.07
901,redacted,3919888,ok,True,9589,60,60,9529,9529,0,True,0,25,0,False,True,228.03,228.04
902,redacted,3687639,ok,True,8856,61,61,8795,8795,0,True,0,25,0,False,True,227.98,228.00
903,redacted,4513822,ok,True,11374,55,55,11319,11319,0,True,0,22,3,True,True,230.58,230.58
904,redacted,4980334,ok,True,12710,61,61,12649,12649,0,True,0,22,3,False,True,230.86,230.84
905,redacted,5014034,ok,True,12903,55,55,12848,12848,0,True,0,25,0,True,True,229.89,229.89
906,redacted,4371670,ok,True,10976,70,70,10906,10906,0,True,0,25,0,True,True,231.32,231.32
907,redacted,4043366,ok,True,10132,55,55,10077,10077,0,True,0,22,3,True,True,229.99,229.99
908,redacted,4628866,ok,True,11722,61,61,11661,11661,0,True,0,22,3,False,True,230.05,230.06
909,redacted,3887024,ok,True,9893,55,55,9838,9838,0,True,0,22,3,False,True,229.90,229.87
910,redacted,4185426,ok,True,10557,61,61,10496,10496,0,True,0,22,3,True,True,229.03,229.03
911,redacted,3019246,ok,True,7461,55,55,7406,7406,0,True,0,25,0,False,True,230.77,230.78
912,redacted,4113429,ok,True,10349,61,61,10288,10288,0,True,0,25,0,True,True,231.12,231.12
913,redacted,3553065,ok,True,8850,55,55,8795,8795,0,True,0,25,0,False,True,230.67,230.68
914,redacted,4413706,ok,True,11131,61,61,11070,11070,0,True,0,25,0,False,True,230.52,230.53
915,redacted,3785781,ok,True,9540,55,55,9485,9485,0,True,0,25,0,False,True,230.70,230.71
916,redacted,4050274,ok,True,10128,58,58,10070,10070,0,True,0,25,0,False,True,231.13,231.14
917,redacted,3923458,ok,True,9901,58,58,9843,9843,0,True,0,25,0,False,True,231.19,231.20
918,redacted,4236345,ok,True,10715,55,55,10660,10660,0,True,0,25,0,False,True,232.25,232.26
919,redacted,3929803,ok,True,9763,61,61,9702,9702,0,True,0,25,0,False,True,232.28,232.25
920,redacted,4545654,ok,True,11209,55,55,11154,11154,0,True,0,25,0,False,True,231.85,231.86
921,redacted,4277278,ok,True,10356,61,61,10295,10295,0,True,0,25,0,False,True,231.80,231.78
922,redacted,4590732,ok,True,11187,55,55,11132,11132,0,True,0,25,0,True,True,231.06,231.06
923,redacted,3960120,ok,True,9399,61,61,9338,9338,0,True,0,25,0,False,True,231.77,231.76
924,redacted,4569947,ok,True,11526,755,755,10771,10771,0,True,0,25,0,False,True,230.69,231.08
925,redacted,3932053,ok,True,10147,864,864,9283,9283,0,True,0,25,0,False,True,230.63,231.12
926,redacted,4418530,ok,True,11571,839,839,10732,10732,0,True,0,25,0,False,True,231.63,231.90
927,redacted,3675610,ok,True,9603,708,708,8895,8895,0,True,0,25,0,False,True,229.46,229.97
928,redacted,4483053,ok,True,11657,620,620,11037,11037,0,True,0,25,0,False,True,231.71,231.90
929,redacted,3948713,ok,True,10222,618,618,9604,9604,0,True,0,25,0,False,True,229.63,229.97
930,redacted,4289936,ok,True,11023,503,503,10520,10520,0,True,0,25,0,False,True,229.84,230.03
931,redacted,3765237,ok,True,9375,387,387,8988,8988,0,True,0,25,0,False,True,227.83,228.13
932,redacted,3503458,ok,True,8914,381,381,8533,8533,0,True,0,25,0,False,True,228.94,229.17
933,redacted,3650017,ok,True,9410,387,387,9023,9023,0,True,0,25,0,False,True,227.75,228.06
934,redacted,3831917,ok,True,9575,58,58,9517,9517,0,True,0,25,0,False,True,228.43,228.44
935,redacted,3401604,ok,True,8923,384,384,8539,8539,0,True,0,25,0,False,True,229.91,230.15
936,redacted,3684402,ok,True,9643,383,383,9260,9260,0,True,0,25,0,False,True,230.47,230.65
937,redacted,3368112,ok,True,8601,385,385,8216,8216,0,True,0,25,0,False,True,229.63,229.90
938,redacted,4113540,ok,True,10301,380,380,9921,9921,0,True,0,25,0,False,True,230.26,230.43
939,redacted,3442705,ok,True,8656,384,384,8272,8272,0,True,0,25,0,False,True,229.94,230.16
940,redacted,3276542,ok,True,8459,387,387,8072,8072,0,True,0,25,0,False,True,230.37,230.60
941,redacted,2700998,ok,True,6719,382,382,6337,6337,0,True,0,25,0,False,True,229.06,229.52
942,redacted,3540684,ok,True,8926,385,385,8541,8541,0,True,0,25,0,False,True,230.25,230.46
943,redacted,2678923,ok,True,6570,382,382,6188,6188,0,True,0,25,0,False,True,229.69,230.05
944,redacted,3062677,ok,True,7609,385,385,7224,7224,0,True,0,25,0,False,True,230.18,230.39
945,redacted,2843706,ok,True,6968,386,386,6582,6582,0,True,0,25,0,False,True,229.78,230.07
946,redacted,3171971,ok,True,7951,381,381,7570,7570,0,True,0,25,0,False,True,229.67,229.91
947,redacted,2612683,ok,True,6432,390,390,6042,6042,0,True,0,25,0,False,True,230.20,230.49
948,redacted,3057202,ok,True,7665,369,369,7296,7296,0,True,0,25,0,False,True,230.46,230.66
949,redacted,3085424,ok,True,7559,368,368,7191,7191,0,True,0,25,0,False,True,230.03,230.27
950,redacted,2764435,ok,True,6736,382,382,6354,6354,0,True,0,25,0,False,True,230.35,230.63
951,redacted,2802740,ok,True,6891,387,387,6504,6504,0,True,0,25,0,False,True,230.05,230.36
952,redacted,3526506,ok,True,8889,379,379,8510,8510,0,True,0,25,0,False,True,228.92,229.19
953,redacted,3560320,ok,True,8903,388,388,8515,8515,0,True,0,25,0,False,True,229.19,229.45
954,redacted,3593528,ok,True,8568,383,383,8185,8185,0,True,0,25,0,False,True,229.31,229.54
955,redacted,3408421,ok,True,7565,375,375,7190,7190,0,True,0,25,0,False,True,228.57,228.86
956,redacted,3217296,ok,True,6673,395,395,6278,6278,0,True,0,25,0,False,True,228.81,229.07
957,redacted,4004644,ok,True,9517,561,561,8956,8956,0,True,0,25,0,False,True,226.93,227.04
958,redacted,2232217,ok,True,4886,104,104,4782,4782,0,True,0,25,0,False,True,227.07,227.08
959,redacted,2047544,ok,True,4814,55,55,4759,4759,0,True,0,25,0,False,True,226.90,226.88
960,redacted,2599373,ok,True,6306,63,63,6243,6243,0,True,0,25,0,False,True,228.83,228.85
961,redacted,2441968,ok,True,6242,393,393,5849,5849,0,True,0,25,0,False,True,228.40,228.42
962,redacted,3106287,ok,True,8041,547,547,7494,7494,0,True,0,25,0,False,True,227.60,227.65
963,redacted,3102888,ok,True,7897,661,661,7236,7236,0,True,0,25,0,False,True,228.49,228.48
964,redacted,2699275,ok,True,6204,126,126,6078,6078,0,True,0,25,0,True,True,227.42,227.42
965,redacted,4747189,ok,True,11973,700,700,11273,11273,0,True,0,25,0,False,True,227.61,227.74
966,redacted,3898184,ok,True,9717,855,855,8862,8862,0,True,0,25,0,False,True,227.79,227.74
967,redacted,3712315,ok,True,8343,55,55,8288,8288,0,True,0,25,0,True,True,227.94,227.94
968,redacted,1588463,ok,True,4087,412,412,3675,3675,0,True,0,25,0,False,True,227.43,227.61
969,redacted,4417679,ok,True,10479,293,293,10186,10186,0,True,0,25,0,False,True,227.90,227.85
970,redacted,3752902,ok,True,8743,113,113,8630,8630,0,True,0,25,0,False,True,228.78,228.83
971,redacted,1625713,ok,True,3717,43,43,3674,3674,0,True,0,25,0,True,True,228.62,228.62
972,redacted,2206907,ok,True,5319,55,55,5264,5264,0,True,0,25,0,False,True,228.89,228.91
973,redacted,3999480,ok,True,9395,63,63,9332,9332,0,True,0,25,0,True,True,229.25,229.25
974,redacted,2247341,ok,True,5272,55,55,5217,5217,0,True,0,25,0,False,True,228.16,228.19
975,redacted,1837402,ok,True,4582,5,5,4577,4577,0,True,0,25,0,True,True,228.41,228.41
976,redacted,1292395,ok,True,3037,13,13,3024,3024,0,True,0,25,0,True,True,227.79,227.79
977,redacted,1966542,ok,True,4883,2,2,4881,4881,0,True,0,25,0,True,True,229.41,229.41
978,redacted,3302093,ok,True,8143,62,62,8081,8081,0,True,0,25,0,True,True,228.92,228.92
979,redacted,3747600,ok,True,8213,63,63,8150,8150,0,True,0,25,0,True,True,229.02,229.02
980,redacted,3297919,ok,True,6664,55,55,6609,6609,0,True,0,25,0,False,True,229.48,229.49
981,redacted,2840490,ok,True,5593,57,57,5536,5536,0,True,0,25,0,False,True,228.98,229.00
982,redacted,3299570,ok,True,7107,61,61,7046,7046,0,True,0,25,0,False,True,229.39,229.40
983,redacted,3586596,ok,True,7540,55,55,7485,7485,0,True,0,25,0,True,True,228.93,228.93
984,redacted,2756206,ok,True,5760,63,63,5697,5697,0,True,0,25,0,False,True,229.18,229.20
985,redacted,3298682,ok,True,6580,63,63,6517,6517,0,True,0,25,0,False,True,228.87,228.83
986,redacted,3088394,ok,True,6314,55,55,6259,6259,0,True,0,25,0,False,True,229.44,229.45
987,redacted,3331579,ok,True,6891,63,63,6828,6828,0,True,0,25,0,False,True,227.96,227.98
988,redacted,3403283,ok,True,7078,55,55,7023,7023,0,True,0,25,0,False,True,228.64,228.65
989,redacted,3399725,ok,True,6888,72,72,6816,6816,0,True,0,25,0,False,True,228.21,228.20
990,redacted,3048513,ok,True,6346,55,55,6291,6291,0,True,0,25,0,False,True,228.45,228.46
991,redacted,3744134,ok,True,7563,63,63,7500,7500,0,True,0,25,0,True,True,228.48,228.48
992,redacted,3843575,ok,True,7639,55,55,7584,7584,0,True,0,25,0,False,True,229.76,229.77
993,redacted,3938438,ok,True,7969,63,63,7906,7906,0,True,0,25,0,True,True,229.84,229.84
994,redacted,4164895,ok,True,8086,55,55,8031,8031,0,True,0,25,0,False,True,229.63,229.62
995,redacted,3804758,ok,True,7350,63,63,7287,7287,0,True,0,25,0,True,True,229.99,229.99
996,redacted,3911571,ok,True,7944,55,55,7889,7889,0,True,0,25,0,True,True,229.85,229.85
997,redacted,4005338,ok,True,8226,63,63,8163,8163,0,True,0,25,0,False,True,231.03,231.02
998,redacted,3241591,ok,True,6960,55,55,6905,6905,0,True,0,25,0,False,True,230.37,230.36
999,redacted,3911752,ok,True,9087,827,827,8260,8260,0,True,0,25,0,False,True,230.87,230.53
1000,redacted,3423219,ok,True,7691,921,921,6770,6770,0,True,0,25,0,False,True,231.41,230.81
1001,redacted,3843283,ok,True,8628,917,917,7711,7711,0,True,0,25,0,False,True,231.28,230.81
1002,redacted,3778077,ok,True,8475,910,910,7565,7565,0,True,0,25,0,False,True,230.58,230.30
1003,redacted,3134221,ok,True,7676,921,921,6755,6755,0,True,0,25,0,False,True,230.06,229.93
1004,redacted,2884193,ok,True,7192,920,920,6272,6272,0,True,0,25,0,False,True,229.74,229.66
1005,redacted,2971919,ok,True,7462,909,909,6553,6553,0,True,0,25,0,False,True,230.14,229.96
1006,redacted,2866169,ok,True,6741,920,920,5821,5821,0,True,0,25,0,False,True,229.00,229.13
1007,redacted,4196855,ok,True,9449,926,926,8523,8523,0,True,0,25,0,False,True,229.32,229.33
1008,redacted,4084868,ok,True,8914,919,919,7995,7995,0,True,0,25,0,False,True,227.50,227.95
1009,redacted,3761538,ok,True,8227,926,926,7301,7301,0,True,0,25,0,False,True,227.96,228.36
1010,redacted,3985076,ok,True,8399,908,908,7491,7491,0,True,0,25,0,False,True,228.32,228.57
1011,redacted,3904749,ok,True,8255,914,914,7341,7341,0,True,0,25,0,False,True,227.64,228.04
1012,redacted,4214461,ok,True,8887,915,915,7972,7972,0,True,0,25,0,False,True,227.66,227.99
1013,redacted,4006055,ok,True,8392,916,916,7476,7476,0,True,0,25,0,False,True,226.96,227.41
1014,redacted,3997045,ok,True,9186,914,914,8272,8272,0,True,0,25,0,False,True,227.23,227.56
1015,redacted,3447310,ok,True,8408,921,921,7487,7487,0,True,0,25,0,False,True,226.34,226.99
1016,redacted,4168743,ok,True,9065,912,912,8153,8153,0,True,0,25,0,False,True,227.48,227.82
1017,redacted,3892895,ok,True,8297,918,918,7379,7379,0,True,0,25,0,False,True,227.17,227.65
1018,redacted,3874164,ok,True,8098,908,908,7190,7190,0,True,0,25,0,False,True,229.33,229.22
1019,redacted,3599404,ok,True,7406,912,912,6494,6494,0,True,0,25,0,False,True,228.13,228.29
1020,redacted,3953913,ok,True,8373,917,917,7456,7456,0,True,0,25,0,False,True,226.96,227.36
1021,redacted,4066329,ok,True,8827,913,913,7914,7914,0,True,0,25,0,False,True,226.77,227.17
1022,redacted,3848636,ok,True,8397,925,925,7472,7472,0,True,0,25,0,False,True,226.62,227.11
1023,redacted,3986724,ok,True,9031,913,913,8118,8118,0,True,0,25,0,False,True,227.16,227.43
1024,redacted,3949944,ok,True,8775,921,921,7854,7854,0,True,0,25,0,False,True,226.54,226.91
1025,redacted,4256507,ok,True,9659,923,923,8736,8736,0,True,0,25,0,False,True,227.06,227.25
1026,redacted,4468866,ok,True,10415,921,921,9494,9494,0,True,0,25,0,False,True,226.97,227.21
1027,redacted,3495956,ok,True,8737,910,910,7827,7827,0,True,0,25,0,False,True,226.40,226.84
1028,redacted,3150681,ok,True,7528,917,917,6611,6611,0,True,0,25,0,False,True,224.77,225.73
1029,redacted,4035971,ok,True,9089,918,918,8171,8171,0,True,0,25,0,False,True,226.44,226.93
1030,redacted,3971607,ok,True,8901,925,925,7976,7976,0,True,0,25,0,False,True,226.54,227.05
1031,redacted,3789591,ok,True,8442,912,912,7530,7530,0,True,0,25,0,False,True,225.95,226.63
1032,redacted,4036931,ok,True,9173,927,927,8246,8246,0,True,0,25,0,False,True,226.37,226.85
1033,redacted,3719703,ok,True,9317,1545,1545,7772,7772,0,True,0,25,0,False,True,226.44,227.23
1034,redacted,3557649,ok,True,8970,1775,1775,7195,7195,0,True,0,25,0,False,True,226.49,227.29
1035,redacted,3738187,ok,True,9498,1777,1777,7721,7721,0,True,0,25,0,False,True,227.51,227.89
1036,redacted,3685993,ok,True,9451,1790,1790,7661,7661,0,True,0,25,0,False,True,231.16,230.23
1037,redacted,3450078,ok,True,8222,1156,1156,7066,7066,0,True,0,25,0,False,True,230.93,230.37
1038,redacted,3568655,ok,True,8260,920,920,7340,7340,0,True,0,25,0,False,True,230.89,230.39
1039,redacted,3226294,ok,True,8049,912,912,7137,7137,0,True,0,25,0,False,True,230.80,230.27
1040,redacted,3146874,ok,True,8385,916,916,7469,7469,0,True,0,25,0,False,True,227.35,227.65
1041,redacted,3512244,ok,True,8193,908,908,7285,7285,0,True,0,25,0,False,True,227.45,227.72
1042,redacted,3450319,ok,True,8071,913,913,7158,7158,0,True,0,25,0,False,True,227.67,227.89
1043,redacted,3542362,ok,True,8401,919,919,7482,7482,0,True,0,25,0,False,True,228.26,228.29
1044,redacted,3295250,ok,True,7752,919,919,6833,6833,0,True,0,25,0,False,True,228.08,228.12
1045,redacted,3386682,ok,True,7928,928,928,7000,7000,0,True,0,25,0,False,True,227.75,227.90
1046,redacted,3615057,ok,True,8490,919,919,7571,7571,0,True,0,25,0,False,True,228.02,228.09
1047,redacted,3673125,ok,True,8719,918,918,7801,7801,0,True,0,25,0,True,True,228.21,228.21
1048,redacted,3498907,ok,True,8255,928,928,7327,7327,0,True,0,25,0,False,True,228.44,228.35
1049,redacted,3771938,ok,True,8899,906,906,7993,7993,0,True,0,25,0,False,True,230.37,229.93
1050,redacted,4008852,ok,True,9571,922,922,8649,8649,0,True,0,25,0,False,True,230.56,230.11
1051,redacted,3333484,ok,True,8112,916,916,7196,7196,0,True,0,25,0,False,True,230.55,230.00
1052,redacted,3292218,ok,True,8881,919,919,7962,7962,0,True,0,25,0,False,True,230.65,230.16
1053,redacted,3806817,ok,True,9048,910,910,8138,8138,0,True,0,25,0,False,True,230.48,230.06
1054,redacted,3623519,ok,True,8551,924,924,7627,7627,0,True,0,25,0,False,True,229.93,229.58
1055,redacted,3698360,ok,True,8729,909,909,7820,7820,0,True,0,25,0,False,True,230.12,229.72
1056,redacted,3597850,ok,True,8487,928,928,7559,7559,0,True,0,25,0,False,True,230.60,230.04
1057,redacted,3857186,ok,True,9109,912,912,8197,8197,0,True,0,25,0,False,True,230.61,230.08
1058,redacted,3674794,ok,True,8748,912,912,7836,7836,0,True,0,25,0,False,True,230.35,229.84
1059,redacted,4009296,ok,True,9605,918,918,8687,8687,0,True,0,25,0,False,True,230.29,229.84
1060,redacted,4248224,ok,True,10262,909,909,9353,9353,0,True,0,25,0,False,True,230.58,230.09
1061,redacted,3698916,ok,True,8653,918,918,7735,7735,0,True,0,25,0,False,True,230.76,230.17
1062,redacted,3760764,ok,True,8847,905,905,7942,7942,0,True,0,25,0,False,True,230.65,230.12
1063,redacted,3817659,ok,True,9169,918,918,8251,8251,0,True,0,25,0,False,True,230.48,229.98
1064,redacted,3621885,ok,True,9577,898,898,8679,8679,0,True,0,25,0,False,True,230.52,230.03
1065,redacted,3486487,ok,True,9039,915,915,8124,8124,0,True,0,25,0,False,True,230.36,229.86
1066,redacted,4010916,ok,True,9538,923,923,8615,8615,0,True,0,25,0,False,True,229.48,229.28
1067,redacted,3624206,ok,True,8647,914,914,7733,7733,0,True,0,25,0,False,True,229.68,229.39
1068,redacted,3875779,ok,True,9226,916,916,8310,8310,0,True,0,25,0,False,True,229.39,229.19
1069,redacted,3841612,ok,True,9024,910,910,8114,8114,0,True,0,25,0,False,True,229.46,229.23
1070,redacted,4094624,ok,True,9707,919,919,8788,8788,0,True,0,25,0,False,True,229.07,228.93
1071,redacted,3649068,ok,True,8513,916,916,7597,7597,0,True,0,25,0,False,True,228.79,228.68
1072,redacted,3879366,ok,True,9170,921,921,8249,8249,0,True,0,25,0,False,True,228.83,228.75
1073,redacted,3461281,ok,True,7971,908,908,7063,7063,0,True,0,25,0,True,True,228.36,228.36
1074,redacted,3912231,ok,True,9247,920,920,8327,8327,0,True,0,25,0,False,True,227.87,227.95
1075,redacted,4152673,ok,True,9948,910,910,9038,9038,0,True,0,25,0,False,True,226.78,227.02
1076,redacted,3968405,ok,True,10132,912,912,9220,9220,0,True,0,25,0,False,True,226.91,227.10
1077,redacted,3767649,ok,True,10101,918,918,9183,9183,0,True,0,25,0,False,True,226.91,227.13
1078,redacted,3899127,ok,True,9318,910,910,8408,8408,0,True,0,25,0,False,True,227.22,227.39
1079,redacted,4303927,ok,True,10240,919,919,9321,9321,0,True,0,25,0,False,True,227.26,227.43
1080,redacted,4058595,ok,True,9572,906,906,8666,8666,0,True,0,25,0,False,True,227.50,227.65
1081,redacted,4065347,ok,True,9724,914,914,8810,8810,0,True,0,25,0,False,True,228.17,228.21
1082,redacted,3822184,ok,True,9020,919,919,8101,8101,0,True,0,25,0,False,True,230.47,230.07
1083,redacted,4041532,ok,True,9723,918,918,8805,8805,0,True,0,25,0,False,True,230.21,229.96
1084,redacted,4130055,ok,True,10000,917,917,9083,9083,0,True,0,25,0,False,True,230.34,230.08
1085,redacted,3346095,ok,True,7826,920,920,6906,6906,0,True,0,25,0,False,True,230.08,229.78
1086,redacted,3396806,ok,True,7982,906,906,7076,7076,0,True,0,25,0,False,True,230.20,229.90
1087,redacted,2796046,ok,True,6312,911,911,5401,5401,0,True,0,25,0,False,True,230.54,230.09
1088,redacted,3315036,ok,True,7793,906,906,6887,6887,0,True,0,25,0,False,True,230.26,229.97
1089,redacted,3626171,ok,True,9481,901,901,8580,8580,0,True,0,25,0,False,True,230.46,230.24
1090,redacted,4043380,ok,True,9750,905,905,8845,8845,0,True,0,25,0,False,True,231.07,230.72
1091,redacted,4002390,ok,True,9612,907,907,8705,8705,0,True,0,25,0,False,True,230.44,230.27
1092,redacted,4446294,ok,True,10793,903,903,9890,9890,0,True,0,25,0,False,True,230.31,230.18
1093,redacted,3976111,ok,True,9405,895,895,8510,8510,0,True,0,25,0,False,True,230.75,230.50
1094,redacted,4713912,ok,True,11359,927,927,10432,10432,0,True,0,25,0,False,True,230.50,230.35
1095,redacted,4063726,ok,True,9529,890,890,8639,8639,0,True,0,25,0,False,True,230.04,229.97
1096,redacted,4669728,ok,True,11200,922,922,10278,10278,0,True,0,25,0,False,True,230.17,230.08
1097,redacted,4105776,ok,True,9654,910,910,8744,8744,0,True,0,25,0,False,True,230.63,230.46
1098,redacted,4594662,ok,True,11059,904,904,10155,10155,0,True,0,25,0,False,True,230.88,230.79
1099,redacted,3720225,ok,True,8160,273,273,7887,7887,0,True,0,25,0,False,True,230.86,230.84
1100,redacted,4134714,ok,True,10063,910,910,9153,9153,0,True,0,25,0,False,True,230.08,230.10
1101,redacted,4149969,ok,True,10702,912,912,9790,9790,0,True,0,25,0,False,True,231.67,231.54
1102,redacted,4662053,ok,True,12485,911,911,11574,11574,0,True,0,25,0,False,True,230.04,230.05
1103,redacted,4501790,ok,True,10851,912,912,9939,9939,0,True,0,25,0,False,True,229.96,229.99
1104,redacted,4527838,ok,True,10694,906,906,9788,9788,0,True,0,25,0,False,True,230.00,230.01
1105,redacted,5005242,ok,True,12159,911,911,11248,11248,0,True,0,25,0,False,True,229.28,229.39
1106,redacted,4859141,ok,True,11714,908,908,10806,10806,0,True,0,25,0,False,True,230.04,230.06
1107,redacted,4755173,ok,True,12087,1627,1627,10460,10460,0,True,0,25,0,False,True,232.08,232.11
1108,redacted,4902258,ok,True,13077,2305,2305,10772,10772,0,True,0,25,0,False,True,232.56,232.71
1109,redacted,4695692,ok,True,12296,2082,2082,10214,10214,0,True,0,25,0,False,True,232.86,232.94
1110,redacted,4850669,ok,True,12653,2101,2101,10552,10552,0,True,0,25,0,True,True,233.24,233.24
1111,redacted,3946784,ok,True,10358,2093,2093,8265,8265,0,True,0,25,0,False,True,232.53,232.63
1112,redacted,4905100,ok,True,12897,2092,2092,10805,10805,0,True,0,25,0,False,True,231.92,232.09
1113,redacted,4043817,ok,True,10718,2084,2084,8634,8634,0,True,0,25,0,False,True,231.92,232.15
1114,redacted,3636665,ok,True,10455,2091,2091,8364,8364,0,True,0,25,0,False,True,231.92,232.17
1115,redacted,3502992,ok,True,10363,1928,1928,8435,8435,0,True,0,25,0,False,True,231.61,231.94
1116,redacted,3769247,ok,True,9685,1699,1699,7986,7986,0,True,0,25,0,False,True,231.95,232.21
1117,redacted,3917531,ok,True,9930,1671,1671,8259,8259,0,True,0,25,0,False,True,231.55,231.88
1118,redacted,3714722,ok,True,9087,1352,1352,7735,7735,0,True,0,25,0,False,True,231.49,231.93
1119,redacted,3717777,ok,True,9005,1229,1229,7776,7776,0,True,0,25,0,False,True,231.01,231.55
